follow,続く、従う
consider,考慮する
increase,増える、増やす
expect A to V,AがVするのを予期する
decide to V,Vする決意をする
develop,発達する、発達させる
provide A with B,AにBを与える
continue,続く、続ける
include,含む、含める
remain,ままでいる
reach,着く、達する
allow A to V,AがVするのを許す、可能にする
be forced to V,Vするのを強制される、Vせざるをえない
offer to V,Vすると申し出る
realize,悟る
require,必要とする
suggest,提案する、ほのめかす
be worry about A,Aのことを心配する
wonder,疑問に思う
cost,要する
tend to V,Vする傾向がある、Vしがちである
depend on A,Aに依存する、Aしだいで決まる
share A with B,AをBと分かち合う
demand,要求する
support,支持する、養う、立証する
hire,雇う
regard A as B,AをBだと思う、みなす
be based on A,Aに基づいている
improve,向上させる
recognize,認める
notice,気づく
be supposed to V,Vすることになっている、Vすべきだ、Vするはずだ
raise,上げる、育てる、提起する
prefer A to B,BよりもAを好む
enter,入る
suffer,経験する、受ける、苦しむ
describe,描写する、特徴を説明する
prevent A from Ving,AがVするのをさまたげる
reduce,減らす、する
mistake A for B,AをBとまちがえる
be prepare for A,Aに備えている
encourage A to V,AにVするようすすめる
prove,わかる、証明する
join,参加する
treat,あつかう
establish,確立する、設立する
relate,関係がある
compare A with B,AとBを比較する
spread,広げる、広がる
refer to A,Aを指示する
supply A with B,AにBを供給する
gain,得る
destroy,破壊する
apply A to B,AをBに当てはめる、応用する
seek,求める
search for A,Aを捜す
claim,主張する、要求する
draw,引っぱる、描く
introduce,紹介する
refuse to V,Vするのを拒む
mention,述べる
judge,判断する
approach,接近する、取り組む
admit,認める
reflect,反映する、反射する
perform,行う、遂行する
bore,うんざりさせる
survive,生き残る
represent,表す
argue,主張する
take A for granted,Aを当然のことと思う
indicate,指し示す
belong to A,Aに所属する、Aのものだ
acquire,習得する
reply,返事をする
feed,エサをやる、養う
escape,逃げる
replace,取って代わる、取り替える
reveal,明らかにする
surround,取り囲む
suit,合う
estimate,推定する
aim at A,Aをねらう
earn,もうける、かせぐ
decline,衰退する、低下する、辞退する
can afford to V,Vする余裕がある
confuse,当惑させる、混同する
graduate from A,Aを卒業する
vary,変わる、さまざまである
remove,移す、取り去る
insist on A,Aを主張する
examine,調査する
remind A of B,AにBのことを思い出させる
contribute,貢献する、一因となる、寄付する
warn A of B,AにBを警告する
be connect to A,Aと関係がある、つながりがある
match,匹敵する、調和する
focus on A,Aに焦点を合わせる
reject,断る
convince,納得させる、確信させる
associate,ＡをＢに関連づける、ＡからＢを連想する
rush,急いで行く
stress,～を強調する
attract,〈人・注意〉を引きつける
rely,Ａに頼る
respond,Ａに返答する
threaten,～を脅迫する
adopt,〈理論・技術など〉を採用する
shake,～を振る
hurt,～を傷つける
operate,〈機械などが〉作動する、〈機械など〉を操作する、手術する
extend,～を広げる、延長する
blame,～を非難する、～のせいにする
consist,Ａで構成されている
persuade,～を説得する
admire,～に感心する
disappoint,～を失望させる
expand,（～を）拡大する
preserve,～を保護する、～を保つ
struggle,苦闘する、もがく
arrange,〈会合など〉の手はずを整える、～を配列する
disturb,〈人・仕事など〉をさまたげる
employ,～を雇う、〈方法・言葉など〉を用いる
engage,Ａに従事する、Ａを行う
abandon,～を捨てる
display,～を展示する、～を表す
encounter,～に偶然出会う
exhaust,〈人〉を疲れはてさせる
bother,〈人〉に面倒をかける、困らせる、（～を）気にする
concentrate,集中する
adapt,～に適応させる、適応する
puzzle,～を当惑させる
appeal,Ａ〈理性・感情など〉に訴える、〈人〉を引きつける、魅力
combine,～を統合させる
delay,～を遅らせる
repair,～を修理する
fascinate,〈人〉を夢中にさせる
devote,～をささげる
import,～を輸入する
remark,（～と）述べる
reserve,～を予約する、～を取っておく
amaze,～を驚嘆させる
frighten,〈人〉をおびえさせる
release,～を解放する
rent,〈家・車など〉を賃借りする
recover,Ａ（病気など）から回復する
suspect,～ではないかと思う、〈人・もの〉を疑う
deliver,～を配達する、渡す、〈講義など〉をする
identify,～の正体をつきとめる、Ａと共感する
locate,（Ａに）位置する
manufacture,～を製造する
occupy,〈場所・地位など〉を占める
own,～を所有している
expose,ＡをＢにさらす
conclude,～と結論づける
cure,～を治療する
perceive,～を知覚する
ban,（公式に）～を禁止する
alarm,～をぎょっとさせる、おびえさせる
derive,由来する
neglect,～を無視する、怠る、〈子供など〉の世話をしない
adjust,〈環境に〉慣れる、調節して合わせる
shift,～を変える
embarrass,～を困惑させる、～に恥ずかしい思いをさせる
approve,～を承認する
commit,〈罪など〉を犯す
stretch,～を広げる
participate,Ａに参加する
impose,ＡをＢに課す、押しつける
owe,ＡのことはＢのおかげだ
celebrate,〈特定の日・できごと〉を祝う
emerge,〈隠れていたものが〉現れる
urge,～に強く迫る、～を説得する
seat,座っている
injure,～を傷つける
imply,～を（暗に）意味する
explain,～を説明する
accept,～を受け入れる
produce,～を生産する
exist,存在する
occur,起こる
express,～を表現する
add,～を加える
avoid,～を避ける
marry,～と結婚する
protect,～を守る
affect,～に影響する
determine,～を決定する
solve,～を解決する
contain,～を含んでいる
discuss,～を議論する
ignore,～を無視する
guess,～を推測する
exchange,交換する
satisfy,～を満たす
complain,苦情を言う
achieve,～を達成する
enable,～を可能にする
intend,つもりだ
obtain,～を得る
divide,分割する
distinguish,～を見分ける
differ,異なる
educate,～を教育する
borrow,～を借りる
invent,～を発明する
promote,～を促進する
advise,～に忠告する
arise,生じる
permit,～を許す
recommend,～を勧める
define,定義する
inform,～に知らせる
oppose,～に反対する
trust,～を信用する
select,～を選ぶ
praise,～をほめる
handle,～に対処する
propose,～を提案する
breathe,～を呼吸する
criticize,～を非難する
overcome,～に打ち勝つ
possess,～を持っている
predict,～を予言する
publish,～を出版する
purchase,～を買う
recall,～を思い出す
explore,～を探検する
stare,じっと見る
absorb,～を吸収する
resemble,～に似ている
tear,～を引き裂く
consume,～を消費する
compete,競争する
quit,～をやめる
announce,～を発表する
react,反応する
wander,歩き回る
emphasize,～を強調する
generate,～を生み出す
result,結果
eperience,経験、体験
society,社会
trouble,悩み、苦労
value,価値
effect,効果、影響、結果
individual,個人
influence,影響（力）
context,文脈、（文化・社会的な）状況
rate,割合、速度、～を評価する
sign,印、兆候
service,公共事業、業務
advance,前進、進歩
officer,役人
material,物質
industry,工業
attempt,試み
trade,貿易
progress,進歩、前進
excuse,言い訳
custom,（社会的な）習慣、税関
passage,一節、（時の）経過、通行
economy,経済
range,範囲
traffic,交通（量）
official,役人
sight,見ること、光景、視力
taste,味、好み
immigrant,（外国からの）移民
neighbor,近所の人
patient,患者、忍耐強い
project,計画
favor,好意
appearance,外見、様子、出現
risk,危険
benefit,利益
feature,特徴
relative,親族、親せき、相対的な
region,地域
characteristic,特徴
pain,苦痛
kid,子供、～をからかう
occasion,場合
principle,原理、原則
department,（組織の）部門、（大学などの）学科
duty,義務、関税
scene,場面、現場
basis,基礎、根拠、方式、やり方
spirit,精神
medium,手段
mass,一般大衆、多くのＡ
audience,（集合的に）聴衆、観客
element,要素、元素
climate,気候
revolution,革命
quarter,４分の１
conflict,（意見・利害の）対立
flood,洪水
atmosphere,大気、雰囲気
property,財産
reward,報酬、～に報いる
security,安全
delight,大喜び
desert,砂漠、～を放棄する、見捨てる
background,背景、生い立ち、経歴
trend,傾向
grade,（小中高通じての）学年
impact,影響
institution,機関、制度
interaction,〈人と人の〉交流
alternative,代わりのもの
harm,害
agency,（政治的）機関、代理店
capacity,能力
minister,大臣
volunteer,ボランティア
access,利用する権利
quantity,量
branch,枝、支店、支局、（学問の）部門、分野
laughter,笑い
transport,交通機関、輸送
vote,投票
resident,住民
square,正方形、（面積の単位）平方
situation,状況
government,政府
knowledge,知識
nation,国
effort,努力
period,時代
population,人口
purpose,目的
behavior,行動
lack,不足
skill,技術
quality,質
environment,環境
role,役割
attitude,態度
author,筆者
research,研究
opportunity,機会
source,源
disease,病
shape,形
advantage,利点
method,方法
habit,習慣
detail,細部
distance,距離
crowd,群衆
clothes,服
instance,例
desire,願望
standard,水準
technology,科学技術
generation,世代
responsibility,責任
task,仕事
experiment,実験
evidence,証拠
decade,１０年
loss,損失
aspect,側面
theory,理論
statement,記述
professor,教授
function,機能
surface,表面
factor,要因
organization,組織
policy,政策
resource,資源
contrast,対比
brain,脳
customer,客
goods,商品
creature,動物
structure,構造
tradition,伝統
weight,体重
labor,労働
citizen,市民
impression,印象
species,種
career,経歴
concept,概念
passenger,乗客
crime,犯罪
income,所得
temperature,気温
majority,大多数
origin,起源
literature,文学
equipment,設備
stranger,見知らぬ人
strength,強さ
planet,惑星
circumstances,状況
religion,宗教
pollution,汚染
wealth,富
civilization,文明
profit,もうけ
technique,技術
emotion,感情
phenomenon,現象
cancer,ガン
bottom,底
billion,十億
status,地位
youth,若者
confidence,自信
edge,周辺
household,家庭
scholar,学者
survey,調査
vocabulary,語彙
enemy,敵
construction,建設
lecture,講義
instruction,指示
crisis,危機
instrument,器具
crop,作物
weapon,兵器
device,装置
path,道
earthquake,地震
stream,小川
notion,概念
substance,物質
victim,犠牲者
fuel,燃料
ancestor,祖先
soil,土壌
debate,討論
violence,暴力
colleague,同僚
philosophy,哲学
analysis,分析
universe,宇宙
electricity,電気
insect,昆虫
disaster,災害
storm,嵐
plenty,十分な
agriculture,農業
gene,遺伝子
advertising,広告
carbon,炭素
infant,幼児
evolution,進化
cell,細胞
aid,援助
consequence,結果
talent,才能
common,共通の、普通の
public,公の
likely,ありそうな、～する可能性が高い
serious,深刻な
particular,ある特定の、特有の
available,手に入る、利用できる
local,その土地の
ready,用意ができた、進んでＶする
correct,正しい
familiar,よく知られた、（人が）熟知している、くわしい
physical,身体の、肉体の、物理的な
worth,Ａの価値がある
involved,Ａに関係している、参加している
equal,平等な
private,個人の、私的な
obvious,明白な
native,母国の
complex,複雑な
willing,進んで[喜んで]Ｖする
current,最新の
male,男の
proper,適切な
capable,～する能力がある
independent,独立した
positive,積極的な
pleasant,〈人にとって〉楽しい
significant,重要な
former,前の
chemical,化学的な
upset,〈人が〉動揺している
previous,（時間・順序で）前の
global,世界的な
specific,特定の
conscious,意識している
superior,よりすぐれている
efficient,効率がいい
fundamental,基本的な
narrow,狭い
reasonable,理にかなった、（値段が）手ごろな
nervous,神経質な、不安な
alike,似ている
domestic,家庭の、国内の
negative,否定の
moral,道徳的な
eager,熱心な
remarkable,すばらしい
evil,（道徳的に）悪い
awake,目を覚まして
aged,年老いた
anxious,（未知のことを）心配して、切望して
thin,薄い
nuclear,核の、原子力の
legal,合法の、法律の
curious,好奇心が強い
calm,冷静な
tough,たくましい、骨の折れる
civil,一般市民の
actually,実は
nearly,ほとんど
therefore,それゆえに
exactly,正確に
possibly,ひょっとすると、どうしてもＶできない
contrary,反対に
occasionally,時々
somehow,どういうわけか、なぜか
seldom,めったに...ない
thus,それゆえ、そのように
whereas,～だが一方
besides,～に加えて
general,一般
various,さまざまな
similar,似ている
complete,完全な
recent,最近の
expensive,高価な
political,政治的な
aware,気づいている
ancient,古代の
medical,医学の
essential,不可欠だ
huge,巨大な
terrible,ひどい
practical,実用的な
entire,全
favorite,いちばん好きな
comfortable,快適な
active,積極的な
typical,典型的な
ideal,理想的な
vast,広大な
appropriate,適切な
empty,からの
rapid,急速な
mental,精神の
excellent,すばらしい
convenient,つごうがいい
potential,潜在的な
financial,財政的
enormous,ばく大な
rare,珍しい
complicated,複雑な
tiny,ちっちゃな
considerable,かなりの
sensitive,敏感だ
intellectual,知的
broad,広い
polite,礼儀正しい
accurate,正確な
sharp,急激な
rude,失礼な
sufficient,十分な
urban,都会の
widespread,広まっている
primitive,原始的な
permanent,永久
elderly,高齢
severe,厳しい
brief,簡潔な
slight,少しの
latest,最新の
military,軍事的
strict,厳しい
solid,固体の
stupid,ばかな
biological,生物
probably,おそらく
hardly,ほとんど...ない
immediately,すぐに
eventually,ついに
frequently,しばしば
extremely,非常に
gradually,だんだん
merely,単に
nevertheless,それにもかかわらず
moreover,その上
relatively,比較的
apparently,一見
absolutely,絶対に
largely,主に
mostly,大部分は
somewhat,多少
necessarily,必ずしも
despite,にもかかわらず
proceed,進む
ensure,～を確実にする
interpret,～を解釈する
cease,Ｖしなくなる
spoil,～を台無しにする
obey,～に従う
eliminate,〈不要なもの〉を除去する
resist,～に抵抗する
accompany,〈人〉に同伴する
weigh,～の重さがある、～を比較検討する、よく考える
persue,～を追求する
demonstrate,〈証拠などが〉～を明らかに示す、証明する
amuse,～を楽しませる
ruin,～を台無しにする、破滅させる
regret,～を後悔する
attach,ＡをＢにくっつける
reverse,～を反対にする、逆転する
restrict,～を制限する
compose,～を組み立てる
capture,～を捕らえる
substitute,～を代わりに用いる
trace,～の跡をたどる
interrupt,～を妨げる
confront,〈障害などが〉〈人〉の前に立ちふさがる、〈人が〉〈障害など〉に立ち向かう
illustrate,～を（例で）示す
arrest,～を逮捕する
stimulate,～を刺激する
assure,（～を）保証する
consult,〈専門家・医者など〉に相談する、〈辞書など〉を参照する
depress,～を憂鬱にさせる
crash,激突する
inspire,〈人〉を奮起させる、やる気にさせる
specialize,Ａを専門にする、専攻する
cultivate,〈感情・能力など〉を育む、〈土地〉を耕作する
fulfill,〈約束・夢など〉を果たす
transmit,～を送る、伝える
found,～を創立する、設立する
cheer,～を励ます
burst,破裂する、突然～し出す
bow,おじぎする
dismiss,〈考えなど〉を無視する
breed,～を繁殖させる、繁殖する
prohibit,〈法・団体が〉～を禁じる
oblige,～に強いる
qualify,Ａに適任である
invest,（金）を投資する
grasp,～を理解する
collapse,崩壊する
overlook,～を見落とす・見逃す
accuse,～を非難する
frustrate,〈人〉を欲求不満にさせる
deprive,ＡからＢ（機会・自由・睡眠など）を奪う
astonish,～を驚嘆させる
register,～を登録する
correspond,一致する
cast,～を投げる
attribute,ＡをＢのせいにする
freeze,凍りつく
starve,飢える
resolve,〈問題など〉を解決する
embrace,〈思想など〉を受け入れる、～を含む
exhibit,～を展示する
convert,～を転換する
scare,～をおびえさせる
constitute,～を構成する、占める、～である
appoint,～を任命する
sew,～を縫う
assign,〈仕事・物〉を割り当てる
nod,うなづく
elect,～を選挙で選ぶ
acknowledge,〈事実、重要性など〉を認める
rob,ＡからＢを奪う
lean,寄りかかる、もたれる
undertake,（仕事など）を引き受ける
drown,おぼれ死ぬ
split,～を割る、分裂する
resort,Ａ（手段）に訴える
descend,下る、降りる
irritate,～をいらだたせる
pronounce,〈単語など〉を発音する
equip,～を装備させる
cheat,いかさまをする
decorate,～を装飾する
pardon,～を許す
heal,〈けがなど〉を治す、治る
forgive,〈過ち・人〉を許す
envy,～をうらやむ
chase,～を追いかける
prompt,～を促す
withdraw,～を引っ込める、引きこもる、退く、〈預金など〉を引き出す
detect,～を探知する、〈誤り・病気など〉を発見する
interfere,Ａをじゃまする
launch,〈ロケットなど〉を打ち上げる、〈事業など〉を始める
endanger,～を危険にさらす
foster,～を促進する、育成する
diminish,減少する、衰える、～を減らす
spill,～をこぼす
infect,〈人〉に感染する
stem,Ａから生じる、Ａに由来する
tap,～を軽くたたく
bet,きっと～だと思う
declare,を宣言する
alter,を変える
retire,辞める
transform,変える
defeat,を打ち負かす
investigate,を調査する
pretend,ふりをする
annoy,をいらだたせる
deserve,当然だ
bury,を埋める
cope,うまく対処する
pour,を注ぐ
score,を取る
accomplish,をやりとげる
hesitate,ためらう
endure,に耐える
translate,翻訳する
guarantee,を保証する
dominate,を支配する
confirm,を裏づける
greet,あいさつする
entertain,を楽しませる
defend,を守る
forbid,を禁じる
broadcast,を放送する
sacrifice,を犠牲にする
punish,を罰する
glance,ちらりと見る
retain,を保持する
calculate,を計算する
sink,沈む
rescue,を救助する
beg,と乞う
apologize,謝る
deceive,をだます
convey,を伝える
sustain,を維持する
float,浮かぶ
vanish,消える
fade,薄れる
regulate,を規制する
distribute,を分配する
enhance,を向上させる
chat,おしゃべりする
exceed,を超える
wipe,をふく
cooperate,協力する
inherit,を受け継ぐ
restore,を修復する
unite,を団結させる
leap,跳ぶ
exaggerate,を誇張する
conquer,を征服する
melt,溶ける
invade,に侵入する
modify,を修正する
scatter,をばらまく
undergo,を経験する
evaluate,を評価する
bend,身をかがめる
assist,手伝う
scream,悲鳴をあげる
gaze,見つめる
rub,をこする
polish,を磨く
classify,分類する
assert,と主張する
grab,をつかむ
fold,を折りたたむ
sweep,を掃く
whisper,ささやく
imitate,をまねる
proportion,比率
contract,契約
appointment,（人と会う）約束、（医院などの）予約
treasure,財宝
stock,株（式）
facility,設備、施設
sum,金額、合計、要約
rank,地位
democracy,民主主義、民主国家
emergency,緊急事態
protest,抗議
track,小道、足跡
vehicle,車、乗り物、（伝達）手段
routine,決まりきった仕事、日課
stuff,（漠然と）物
row,列
wheel,車輪、（自動車の）ハンドル
dawn,夜明け
welfare,福祉
perspective,見方
enthusiasm,熱意、情熱
faith,信頼
occupation,職業、占領
witness,証人、目撃者
kingdom,王国
equivalent,同等のもの、相当するもの
objective,目的、目標、客観的な
pile,積み重ね
shelter,避難（所）
trial,試み、裁判
honor,名誉
territory,領土、なわ張り
frame,わく
border,国境地帯
statistics,統計（学）
enterprise,企業、事業
fee,謝礼、料金
load,荷物
grain,穀物
review,再検討
prejudice,偏見
strain,負担
trap,わな、～をわなにかける
temper,気性
slave,奴隷
wound,傷
divorce,離婚
tune,曲
height,高さ、最盛期
faculty,（大学の）学部、（心身の）能力
span,機関
dimension,〈問題などの〉側面、要素、次元
worship,崇拝
version,型、...版、翻訳
parallel,類似（物）、匹敵するもの
horizon,地平線
acquaintance,知人
burden,重荷
jam,渋滞
poison,毒
constitution,違法
administration,経営、行政
charm,魅力
organ,臓器、器官
prey,獲物、えじき
venture,冒険的事業
mission,使命、任務
inquiry,調査
award,賞
strip,細長い一片
distress,苦しみ、悲嘆、苦難
circulation,循環、流通、発行部数
shade,陰、日陰
stereotype,典型的なイメージ、類型、固定観念
client,（弁護士などの）依頼人
output,生産高
lord,神
convention,慣習、しきたり、（大規模な）会議、大会
mine,鉱山
craft,工芸、技術、船、乗り物
core,中心、（問題の）核心
stroke,脳卒中、発作、打撃、一撃、～をなでる
frontier,国境
peer,同僚、じっと見る
vessel,船、血管、器
disability,〈身体・精神の〉障害
gravity,重力
ethic,倫理
terminal,（バスなどの）終点
tide,潮流、潮の干満
abuse,虐待
incident,出来事
laboratory,研究所
conference,会議
continent,大陸
insurance,保険
site,用地
poverty,貧乏
shortage,不足
affair,情勢
exception,例外
wage,賃金
wisdom,知恵
tax,税金
leisure,暇
barrier,壁
category,範ちゅう
unit,単位
reputation,評判
virtue,美徳
courage,勇気
sympathy,同情
union,組合
document,書類
volume,冊
ceremony,儀式
era,時代
dispute,紛争
campaign,運動
mankind,人類
murder,殺人
landscape,風景
destination,目的地
tale,話
reform,改革
muscle,筋肉
prospect,見通し
corporation,企業
colony,植民地
quarrel,口論
profession,職業
fever,熱
pause,休止
furniture,家具
privilege,特権
prosperity,繁栄
genius,天才
seed,種
symptom,症状
merit,長所
layer,層
clue,手がかり
fiction,小説
district,地区
prison,刑務所
companion,仲間
executive,重役
jsutice,正義
procedure,手続き
ray,光線
heaven,天国
luxury,ぜいたく
oxygen,酸素
fund,資金
theme,主題
boundary,境界
ambition,熱望
forecast,予報
psychology,心理学
charity,慈悲
committee,委員会
physician,医者
shelf,たな
affection,愛情
candidate,候補
bomb,爆弾
priority,優先
obstacle,障害
appetite,食欲
tension,緊張
tribe,部族
budget,予算
temple,神殿
sorrow,悲しみ
satellite,衛星
insight,洞察
cough,せき
fate,運命
scheme,計画
insult,侮辱
inhabitant,住民
fossil,化石
motive,動機
instinct,本能
legend,伝説
empire,帝国
suburbs,郊外
architecture,建築
passion,情熱
horror,恐怖
logic,論理
dozen,ダース
harvest,収穫
ingredient,材料
hypothesis,仮説
voyage,航海
editor,編集長
option,選択の自由
hemisphere,半球
mechanism,仕組み
anthropologist,人類学者
crew,乗組員たち
tragedy,悲劇
refrigerator,冷蔵庫
fare,運賃
debt,借金
curriculum,教育課程
component,構成要素
wheat,小麦
usage,語法
garbage,ゴミ
famine,飢饉
extinction,絶滅
purse,財布
folk,民族
explosion,爆発
portion,部分
organism,生物
merchant,商人
myth,神話
priest,神父
funeral,葬式
wildlife,野生生物
congress,議会
bay,湾
penalty,刑
heritage,遺産
diversity,多様性
thumb,親指
geography,地理
envelope,封筒
discrimination,差別
virus,ウイルス
statue,像
athlete,運動選手
pioneer,先駆者
trait,特徴
bond,きずな
grocery,食料品
secretary,秘書
dialect,方言
astronomy,天文学
youngster,子供
yard,庭
finding,発見
strategy,戦略
lung,肺
opponent,敵
ritual,儀式
outcome,結果
conservation,環境保護
mammal,哺乳類
telescope,望遠鏡
refugee,難民
code,規則
flavor,風味
particle,粒子
nursing,看護
suicide,自殺
habitat,生息地
bullying,いじめ
dinosaur,恐竜
council,議会
gender,性別
surgery,手術
innovation,革新
protein,タンパク質
nutrition,栄養
web,巣
emission,排出
ape,類人猿
molecule,分子
sweat,汗
transplant,移植
castle,城
cartoon,マンガ
tip,先
cattle,牛
density,密度
guilty,有罪の、罪の意識がある
vital,きわめて重要な、必要な、活気のある
rough,荒い、手洗い、大ざっぱな
contemporary,現代の
annual,年に一度の、一年間の
accustomed,慣れた
steady,しっかりした
dull,（人を）退屈させる
keen,〈刃物などが〉鋭い
loose,ゆるい
delicate,繊細な、（問題など）微妙で難しい
internal,内部の、国内の
casual,形式ばらない、気楽な
mature,成熟した
concrete,具体的な
awful,ひどい
senior,（役職などが）上級の、先輩の
overall,全面的な、全体的な
tight,引き締まった、（服などが）きつい
prime,最も重要な、主要な
genuine,本物の、真の、心からの
modest,控えめな、謙虚な、質素な、少しの、わずかな
intimate,親密な
minimum,最小限の
sophisticated,高度な
latter,後者の
bitter,苦い、つらい、腹を立てた
peculiar,独特の、固有の
passive,受動的な、消極的な
ethnic,民族的な、民族の
noble,高貴な
vain,むだな
innocent,無罪の、罪のない、無邪気な
underlying,根本的な
alien,外国（人）の、異質な
relevant,関連のある
inclined,Ｖする傾向がある、Ｖしたい気がある
awkward,〈状況などが〉気まずい
brilliant,すばらしい
desperate,〈人・努力が〉必死の
refreshing,さわやかな
miserable,惨めな
substantial,たくさんの、多大な、実質的な、重要な
consistent,矛盾のない、一致した
plain,明白な、簡素な、平野
vivid,鮮やかな
thrilled,〈人が〉とてもうれしい
inner,内側の
fond,Ａが好きだ
precisely,正確に、まさに、ちょうど
meanwhile,その間に
altogether,完全に
lately,最近
barely,かろうじて
scarcely,ほとんど～ない
accordingly,それ相応に
deliberately,わざと
beneath,～の下で
lonely,孤独だ
precious,貴重な
minor,小さい
isolated,孤立している
generous,気前のよい
tropical,熱帯
reluctant,したがらない
vague,漠然とした
principal,主要な
numerous,たくさんの
rural,田舎の
temporary,一時的な
artificial,人工
visible,目に見える
raw,生の
remote,へんぴな
urgent,緊急の
silly,ばかな
striking,いちじるしい
adequate,十分な
extraordinary,並はずれた
odd,おかしな
abstract,抽象的な
mutual,相互の
excessive,過度の
ashamed,恥ずかしい
tremendous,とてつもない
inevitable,避けられない
pure,純
stable,安定した
indifferent,無関心だ
aggressive,攻撃的な
ultimate,究極の
shy,内気な
solar,太陽
profound,深い
subtle,微妙な
conservative,保守
brave,勇敢な
intense,強烈な
fantastic,すばらしい
acid,酸性
cruel,残酷な
rational,理性的な
initial,最初の
rigid,厳格な
linguistic,言語
crucial,重大な
verbal,言葉による
optimistic,楽観的な
flexible,柔軟な
grateful,感謝している
lively,生き生きとした
overwhelming,圧倒的な
abundant,豊富な
selfish,利己的な
ugly,みにくい
racial,順守の
prominent,有名な
controversial,物議を呼ぶ
federal,連邦
ridiculous,ばかげた
imaginary,架空の
harsh,厳しい
random,無作為な
adolescent,思春期の
up-to-date,最新の
liberal,自由主義の
prior,前の
moderate,適度な
fluent,流ちょうな
elaborate,手の込んだ
incredible,信じられない
radical,根本的な
manual,手を使う
deaf,耳が聞こえない
medieval,中世の
ecological,生態
mobile,流動的な
ignorant,知らない
immune,免疫
definitely,絶対
virtually,ほとんど
approximately,およそ
instantly,即
literally,文字通り
seemingly,一見
regardless,に関係なく
thoroughly,徹底的に
afterwards,その後
submit,Ａに服従する、〈家・書類など〉を提出する
tempt,～を誘惑する、～する気にさせる
resign,（～を）辞職する
conform,〈規則・慣習などに〉従う
confine,～を限定する、閉じ込める
assemble,～を組み立てる
dedicate,ＡをＢにささげる
advocate,〈主義など〉を主張する
thrive,繁栄する
provoke,〈人の反応など〉を引き起こす
dictate,～を命じる、要求する、決定する
exploit,〈資源など〉を利用する、開発する
surrender,降伏する
reproduce,〈音・場面など〉を再生する、複製する、繁殖する、〈子〉を繁殖させる
transfer,～を移す、転職する
swell,ふくらむ
shed,〈葉など〉を落とす
wind,曲がる
cite,～を引き合いに出す
digest,～を消化する
skip,～をとばす、抜かす
bind,～を縛る、束縛する
dissolve,（～を）溶解する、（～を）解散する
implement,～を実行する
steer,〈船、車など〉を操縦する
congratulate,〈人〉を祝福する
designate,～を指定する
violate,〈法律・約束など〉を破る、～に違反する
presume,～推定する、思う
recruit,〈新人など〉を入れる
coincide,同時に起きる、重なる
enforce,〈法律など〉を施行する
displace,〈人〉を故郷から追い出す、～にとって代わる
shrink,縮む、～を縮ませる、（量などが）減る
betray,～を裏切る、〈秘密など〉をもらす
comprise,～から構成される、～を構成する、〈割合〉を占める
indulge,Ａ（快楽など）にふける
penetrate,（～に）入り込む
devastate,～を壊滅させる
plunge,ＡがＢに突っ込む、ＡをＢに突っ込む
thrust,～を強く押す
contradict,～と矛盾する
prescribe,〈薬〉を処方する
oppress,～をしいたげる
cherish,〈思い出・希望など〉を胸に抱く
illuminate,～を照らす、〈事実など〉を解明する
trigger,～のきっかけになる
commute,通勤[通学]する
induce,～を誘う
utilize,～を利用する
snap,ポキンと折れる、～をポキンと折る
donate,～を提供する
hatch,〈卵・ヒナ〉をかえす、かえる
enclose,～を囲む
prevail,普及している、広まる
sigh,ため息をつく
leak,漏れる、～を漏らす
compel,〈人〉に強制する
crush,～を押しつぶす
comprehend,～を理解する
negotiate,交渉する
persist,持続する、残る
multiply,～を増やす、増える、Ａ（数）にＢ（数）を掛ける
conceive,（～を）想像する、考える
compensate,埋め合わせる
suspend,～を中止する、～をつるす
stir,〈感情など〉をかきたてる
soak,～を浸す、びしょぬれにする、Ａを吸収する
refine,～を洗練する、磨きをかける
arouse,〈感情〉を刺激する、かきたてる
precede,～に先行する
render,ＡをＢにする、変える
mount,～をすえつける、〈馬・自転車など〉に乗る
retreat,退く
startle,～を驚かせる
dare,Ｖする勇気がある
anticipate,を予想する
crawl,はって進む
pray,祈る
dispose,処理する
refrain,控える
accumulate,を蓄積する
mend,を修理する
revise,を修正する
scratch,をかく
drag,を引きずる
roar,ほえる
quote,を引用する
bloom,咲く
distort,を歪曲する
await,を待つ
dread,を恐れる
conceal,を隠す
enrich,を豊かにする
cling,固執する
surpass,にまさる
suppress,を抑える
portray,を描く
soar,急上昇する
drain,を排出する
glow,ボーッと光る
migrate,移住する
exclaim,叫ぶ
exert,を及ぼす
fetch,を取ってくる
accelerate,を促進する
dwell,住む
integrate,を融けこませる
weep,泣く
reassure,を安心させる
condemn,非難する
restrain,を抑制する
resent,に腹を立てる
yell,大声で叫ぶ
assess,を評価する
carve,を彫る
halt,を止める
inspect,を検査する
tackle,に取り組む
omit,を省く
frown,まゆをひそめる
resume,を再開する
mold,を作る
accommodate,を収容できる
erase,を消す
infer,推量する
revive,を生き返らせる
humiliate,に恥をかかせる
rotate,回る
disrupt,をかき乱す
navigate,進路を決める
ache,痛む
discard,を捨てる
incorporate,を取り入れる
overtake,を追い越す
supplement,を補う
manipulate,を操作する
nourish,を養う
squeeze,をしぼる
depict,を描く
distract,をそらす
disclose,を暴露する
enroll,入学する
nurture,を育てる
speculate,推測
prolong,を延ばす
execute,を処刑する
uncover,を明らかにする
tremble,ふるえる
seize,をつかむ
abolish,を廃止する
scold,をしかる
attain,を達成する
utter,を発する
flee,逃げる
offend,を怒らせる
confess,と告白する
postpone,を延期する
drift,ただよう
weave,を織る
install,を備えつける
twist,をねじ曲げる
extract,を取り出す
bump,ぶつかる
despise,を軽蔑する
tolerate,を我慢する
boast,自慢する
flourish,栄える
disregard,を無視する
tease,をからかう
reinforce,を強める
strive,努力する
coordinate,を強調させる
yawn,あくびをする
hug,抱きしめ
combat,と戦う
boost,を活気づける
sphere,領域、範囲
sequence,連続（するもの）、順序、順番
deposit,預金、頭金、堆積物
poll,世論調査、投票
caution,用心
rage,激怒、怒り
formula,方法、秘けつ、解決策、式、公式
plot,（小説・演劇などの）筋、陰謀、たくらみ
scope,範囲
norm,（ある社会の）規範
disgust,嫌悪
canal,運河
curse,災いのもと、呪い
paradox,逆説
tissue,（動植物の細胞から成る）組織
breakdown,〈組織・関係などの〉崩壊
initiative,主導権、自発性、独創性
fabric,織物、布、組織、構造
publicity,宣伝、広告
summit,頂上、頂点、首脳会議
flock,（鳥・羊などの）群れ
plague,疫病、～を苦しめる
haste,急ぐこと
nap,うたた寝
ally,同盟国
draft,下書き、草稿
spectable,光景
premise,前提
assest,財産
lag,遅れ
therapy,療法、治療法
reception,もてなし
compound,化合物
blessing,ありがたいもの、恵み
sensation,感覚、感じ
recession,不景気、不況
pole,棒、（天体の）極
outlook,考え方、態度、見通し、見込み
endeavor,活動
mercy,慈悲、情け
counterpart,Ａに相当するもの
session,（ある活動の）期間、討論
pill,錠剤
junk,くず、がらくた
fatigue,疲労
fame,名声
mess,めちゃくちゃ
decay,腐敗
dignity,尊厳
compromise,妥協
drought,干ばつ
despair,絶望
interval,間隔
luggage,荷物
blossom,花
impluse,衝動
hatred,憎しみ
beast,野獣
superstition,迷信
illusion,幻想
thread,糸
plow,すき
feast,宴会
transition,移り変わり
misery,悲惨さ
radiation,放射線
log,丸太
consensus,合意
deed,行い
proverb,ことわざ
compliment,ほめ言葉
flame,炎
anniversar,記念日y
conscience,良心
expedition,探検
offspring,子孫
allowance,こづかい
headline,大見出し
treaty,条約
monument,記念碑
worm,虫
remedy,治療法
encyclopedia,百科事典
glimpse,ちらり
personnel,職員
triumph,勝利
arithmetic,算数
self-esteem,自尊心
fog,霧
odds,可能性
chaos,混沌
destiny,運命
diameter,直径
meadow,牧草地
souvenir,みやげ物
trail,小道
ratio,比率
sword,剣
realm,領域
sentiment,感情
chore,雑用
courtesy,礼儀正しい
mayor,市長
reign,統治
trash,ゴミ
prestige,名声
hierarchy,階級制度
wilderness,荒野
orbit,軌道
bias,偏見
republic,共和国
bargain,掘り出し物
contempt,軽蔑
fragment,破片
galaxy,星雲
lap,ひざ
deadline,締め切り
bullet,弾丸
pedestrian,歩行者
wit,機知
nuisance,迷惑
criteria,基準
hardship,苦難
glory,栄光
sin,罪
navy,海軍
script,台本
pension,年金
timber,材木
surplus,余剰
moisture,水分
peasant,小作農
garment,衣服
textile,織物
tuition,授業料
troop,軍隊
primate,霊長類
friction,摩擦
nephew,甥
altitude,高度
diagnosis,診断
commerce,商業
limb,手足
fraction,ほんの一部
irony,皮肉
nightmare,悪夢
defect,欠陥
witch,魔女
scent,香り
erosion,浸食
millionaire,百万長者
skeleton,骨格
grace,優雅さ
landmark,名所
torture,拷問
flesh,肉
collision,衝突
hazard,危険なもの
tomb,墓
brow,額
sightseeing,観光
leather,革
jewelry,宝石
cue,合図
ambulance,救急車
estate,不動産
commodity,商品
departure,出発
phase,段階
thief,泥棒
saint,聖
consent,同意
grief,悲しみ
lane,車線
bulk,大部分
fluid,液
communist,共産主義の
bride,花嫁
intervention,介入
margin,差
biography,伝記
sculpture,彫刻
volcano,火山
rebel,反逆者
metaphor,比喩
legislation,法律
lightning,雷
pesticide,殺虫剤
column,コラム
rumor,うわさ
dust,ほこり
dialogue,対話
kindergarten,幼稚園
tourism,観光
obesity,肥満
patent,特許
chapter,章
palace,宮殿
laundry,洗濯
ward,病棟
epidemic,流行
equation,方程式
archaeologist,考古学者
corruption,腐敗
apt,Ｖしがちである、Ｖする傾向がある
humble,謙虚な、粗末な
entitled,Ａを得る[する]権利がある、～と題された
valid,妥当な、正当な、（切符・文書などが）有効な
faint,かすかな、気絶する
stiff,堅い、堅苦しい
obscure,わかりにくい
fierce,（競争・反対・嵐などが）激しい
acute,（問題が）深刻な、（感覚・痛みが）鋭い
idle,（仕事がなくて）何もしていない
crude,粗末な、粗野な
jealous,しっと深い、うらやましい
pregnant,妊娠している
liable,Ｖしがちである、可能性が高い
intent,没頭した
decent,（世間から見て）まともな
marvelous,驚くべき
misleading,誤解を招く
tame,飼いならされた、なれた
classical,〈音楽が〉クラシックの
Muslim,イスラム教の
grave,重大な
fertile,肥えた
hostile,敵意を持つ
indispensable,不可欠だ
alert,用心する
trivial,ささいな
oriented,志向の
splendid,すばらしい
competent,有能な
supreme,最高の
sheer,まったくの
sacred,聖
bold,大体な
uneasy,不安な
neat,きちんとした
shallow,浅い
loyal,忠実な
superficial,表面的な
absurd,ばかげた
fragile,壊れやすい
respectable,ちゃんとした
magnificent,すばらしい
infinite,無限の
comprehensive,包括的
steep,険しい
gross,総
subsequent,次に起こる
sincere,誠実な
timid,おくびょうな
neutral,中立の
diligent,勤勉な
sore,痛い
contaminated,汚染された
ambiguous,どちらとも取れる
oral,口述の
restless,落ち着かない
savage,野蛮な
vigorous,精力的な
immense,莫大な
metropolitan,大都市
punctual,時間をきっちり守る
solitary,孤独な
collective,集団
diplomatic,外交
brutal,残忍な
helpless,無力な
arrogant,ごう慢な
bankrupt,破産した
eternal,永遠の
sole,唯一の
gloomy,暗い
notable,注目すべき
affluent,裕福な
naked,裸の
vocal,発声
feminine,女性の
vacant,空いている
exotic,外来の
cognitive,認知
humid,蒸し暑い
outstanding,傑出した
addicted,中毒である
vulnerable,受けやすい
spontaneous,自然に起こる
greedy,どん欲だ
thirsty,のどが渇く
per capita,一人当たりの
inherent,元から伴う
promising,前途有望な
physiological,生理的な
clinical,臨床
chronic,慢性の
geological,地質学的な
countless,無数の
simultaneously,同時に
utterly,まったく
upright,まっすぐに
overnight,一晩
thereby,そうすることで
via,経由で
namely,すなわち
frankly,率直に
hence,だから
proclaim,と宣言する
smash,を粉々に砕く
mourn,を悲しむ
summon,を呼ぶ
shatter,を粉々にする
linger,残る
lament,を嘆く
endow,に恵まれる
rejoice,喜ぶ
whip,をむち打つ
slap,をピシャリと打つ
contend,と主張する
swear,と誓う
discern,を識別する
degrade,を悪化させる
erect,を築く・立てる
testify,証言する
spur,を駆りたてる
roam,を歩き回る
chew,かむ
lure,誘い込む
defy,に逆らう
stroll,ぶらつく
dispense,なしですます
reconcile,を調和させる
blur,をぼやかす
soothe,をなだめる
impair,を低下させる
comply,従う
pierce,に穴をあける
stumble,つまずく
hinder,をさまたげる
mock,をあざける
embody,を具現する
insert,を差し込む
stalk,に忍び寄る
clarify,を明らかにする
applaud,拍手する
inflict,を与える
merge,合併する
reckon,と考える
undone,元に戻る
poke,を突く
tumble,落ちる
adhere,固く守る
compile,をまとめる
wither,しぼむ
stun,をびっくりさせる
choke,のどがつまる
deteriorate,悪化する
evade,をのがれる
murmur,つぶやく
console,をなぐさめる
duplicate,を複製する
divert,をそらす
slaughter,を虐殺する
reap,を手に入れる
affirm,と断言する
knit,を編む
ponder,を熟考する
embark,乗り出す
vow,を誓う
foresee,を予知する
adore,を崇拝する
yearn,切望する
undermine,を弱める
suck,を吸う
pledge,を誓う
intrude,立ち入る
sue,を訴える
rot,腐敗する
extinguish,を消す
perplex,困惑させる
curb,を抑制する
withstand,に耐える
expel,を追放する
recite,を暗唱する
glitter,輝く
plead,嘆願する
contemplate,を考える
discharge,を放出する
preach,説教する
rattle,をがたがた鳴らす
retrieve,を検索する
shrug,をすくめる
evoke,を呼び起こす
haunt,つきまとわれる
disguise,を隠す
flatter,におせじを言う
prose,散文
germ,細菌
thermometer,温度計
province,州
masterpiece,傑作
revenue,収入
riot,暴動
breakthrough,飛躍的進歩
apparatus,装置
fuss,大騒ぎ
deficiency,欠乏
heir,相続人
equator,赤道
petroleum,石油
certificate,証明書
vapor,蒸気
probe,探査機
doctrine,教義
scorn,軽蔑
prophet,予言者
breeze,そよ風
pavement,歩道
ornament,飾り
spouse,配偶者
wrinkle,しわ
queue,列
stake,賭け金
ambassador,大使
jury,陪審員
dismay,落胆
lump,こぶ
lottery,宝くじ
outbreak,ぼっ発
feat,偉業
temperament,気質
chill,寒気
deficit,赤字
predecessor,前任
entity,存在
hospitality,歓迎
mortality,死亡
narrative,話
segment,部分
catastrophe,大災害
monarch,君主
cradle,ゆりかご
coward,おくびょう者
cosmos,宇宙
aisle,通路
headquarters,本部
toll,通行料
transaction,取引
syndrome,症候群
burglar,強盗
tyranny,圧政
parasite,寄生生物
intuition,直感
incentive,はげみ
legacy,遺産
retail,小売り
vein,静脈
discourse,論説
diploma,卒業証書
propaganda,宣伝
outlet,はけ口
apprehension,不安
melancholy,憂鬱
novelty,目新しさ
specimen,標本
barbarian,野蛮人
tactics,戦術
monopoly,独占
token,印
aristocracy,貴族階級
revenge,復讐
persecution,迫害
rhetoric,美辞麗句
harassment,いやがらせ
census,国勢調査
verge,瀬戸際
advent,出現
analogy,類似点
irrigation,かんがい
coverage,報道
cuisine,料理
menace,脅威
peril,危険
antiquity,古代
assault,攻撃
plight,苦境
autonomy,自主性
cram,塾
subsidy,補助金
indignation,怒り
slang,俗語
posture,姿勢
ideology,イデオロギー
supervisor,監督者
tumor,腫瘍
intersection,交差点
excursion,遠足
deforestation,森林破壊
precaution,用心
orchard,果樹園
shortcoming,欠点
aspiration,熱望
psychiatrist,精神科医
shipping,発送
senator,上院議員
statesman,政治家
subordinate,部下
vacuum,空白
quest,探究
meditation,瞑想
subscriber,加入者
riddle,謎
rag,ぼろ
rust,さび
sanitation,衛生
midst,まっただ中
mischief,いたずら
weed,雑草
recollection,記憶
latitude,緯
flaw,欠陥
botanist,植物学者
heredity,遺伝
domain,領域
censorship,検閲制度
dose,量
integrity,誠実
freight,貨物
bride,わいろ
eruption,噴火
cloning,クローニング
appliance,器具
predator,捕食動物
recipe,秘けつ
ash,灰
whistle,笛
plantation,農園
intake,摂取量
vending,販売
beverage,飲み物
orphan,孤児
neuron,ニューロン
vegetation,植生
warrior,戦士
mutation,突然変異
sewage,下水
metabolism,新陳代謝
paradigm,理論的枠組
protocol,議定書
skyscraper,超高層ビル
accord,一致
bureaucrat,官僚
stubborn,頑固な
renowned,有名な
transparent,透き通った
dim,薄暗い
grim,きびしい
legitimate,正当な
weary,疲れている
swift,すばやい
naive,世間知らずの
dumb,ばか
sour,すっぱい
furious,激怒した
earnest,まじめな
terrific,すばらしい
vertical,垂直な
wicked,邪悪な
subjective,主観的な
enlightened,進んだ考えの
feudal,封建
nasty,不快な
dizzy,めまい
straightforward,わかりやすい
solemn,荘厳な
damp,湿った
static,静
doomed,運命にある
stern,厳格な
innumerable,無数の
clumsy,不器用な
aesthetic,美的
obsessed,とりつかれる
detached,切り離された
innate,先天的な
wrecked,難破した
reckless,無謀な
explicit,露骨な
preoccupied,頭がいっぱいだ
gigantic,巨大な
conspicuous,顕著な
slender,すらりとした
manifest,明らかな
tidy,きちんと
naughty,いたずらな
skeptical,懐疑的な
notorious,悪名高い
anonymous,匿名の
monotonous,単調な
ample,豊富に
trim,こぎれいな
toxic,有毒な
afflicted,苦しんでいる
eloquent,雄弁な
foul,不快な
juvenile,青少年の
compulsory,義務
prone,やすい
arbitrary,勝手な
ingenious,独創的な
divine,神聖なる
tender,やさしい
outraged,憤慨している
eccentric,風変わりな
paralyzed,麻痺している
compatible,適合する
patriotic,愛国的な
eminent,名高い
fake,にせ物の
insane,気が狂っている
bewildered,当惑する
vulgar,下品な
secondhand,間接
indigenous,先住
utmost,最も
stray,宿なしの
intricate,複雑な
daring,大胆な
mighty,強力な
barren,不毛の
ultraviolet,紫外
intriguing,興味深い
merry,陽気な
synthetic,合成
perpetual,永続する
integral,不可欠な
hybrid,ハイブリッド
spinal,脊椎の
drastically,劇的に
abruptly,不意に
Conversely,逆に
predominatly,主に
lest,しないように