create,創り出す
increase,増加する
improve,向上させる
mean,意味する
own,"所有している,（事実・罪など）みとめる"
include,含む
consider,"見なす,について考える"
allow,"許す,与える,考慮に入れる"
suggest,"提案する,暗示する"
produce,生産する
decide,決める
offer,"提供する,申し出る"
require,"要求する,必要とする"
share,共有する
store,保存する
tend,傾向がある
concern,心配している
describe,"について述べる,説明する"
involve,関与させる
reduce,減らす
design,設計する
force,強いる
limit,制限する
bear,耐える
affect,影響を及ぼす
deal,処理する
avoid,避ける
relate,関連付ける
realize,気づく
encourage,奨励する
compare,比較する
measure,測る
exist,存在する
mark,印をつける
challenge,異議を唱える
depend,頼る
object,反対する
demand,要求する
found,設立する
complete,"完成させる,仕上げる"
idea,"考え,思いつき"
accord,一致
company,"会社,仲間"
interest,興味
research,研究　調査
cause,原因
reason,理由
effect,"影響,効果"
influence,影響
situation,状況
environment,環境
skill,技能
matter,事柄
view,見解
value,価値
species,（生物の）種
thought,考え
knowledge,知識
memory,記憶
practice,実践、実行、練習
benefit,利益、恩恵
theory,学説
issue,問題（点）
experiment,実験
article,記事
focus,焦点
subject,話題、科目、主題
project,計画
quality,質
role,役割
term,用語
statement,声明、主張
material,材料、素材
evidence,証拠
source,源
community,（共同）社会、～界
technology,科学技術
culture,文化・教養
appropriate,適切な
likely,ありそうな
possible,可能な
individual,個々の
public,公の
common,共通の
certain,確信して
similar,似ている・類似した
recent,最近の
major,主要な、大きい（方の）
patient,忍耐強い
particular,特定の
physical,身体の
various,さまざまな
available,手にはいる
native,出生地の
political,政治の
due,予定された
blank,空白の
ancient,古代の
correct,正しい
despite,にもかかわらず
notice,気づく
refer,言及する・関連する
approach,に近づく
wonder,かなと思う
imagine,想像する
recognize,識別する
solve,解決する
occur,起こる
argue,主張する
claim,主張する
express,あらわす・のべる
draw,引き出す
waste,浪費する・無駄にする
advance,進歩させる
spread,広める
prepare,準備する
gain,獲得する
achieve,達成する
establish,設立する・確立する
supply,供給する
suppose,思う
perform,行う・演じる
prefer,~の方を好む
determine,決定する
treat,扱う
prove,証明する
apply,適用する
mention,言及する
communicate,情報交換をする
contain,含む・収容する
contact,連絡を取る・接触する
regard,見なす
respect,尊敬する
search,探す
connect,つなぐ・関連付ける
decline,減少する
prevent,妨げる
suffer,苦しむ
survive,生き残る
publish,出版する
opportunity,機会
task,仕事・作業
industry,産業
medium,媒体
economy,経済
policy,政策・方針
account,説明・口座
trade,貿易・取引
model,模範・型
figure,数字・表・人物・図
cell,細胞
image,印・イメージ
emotion,感情・情動
stress,ストレス
decade,１０年間
range,範囲
character,性格・個性
advance,利点
phase,句
damage,損害・損傷
impact,影響
method,方法
resource,資源
region,地域
medicine,薬・医学
detail,詳細・細部
feature,特徴
function,機能
access,利用・入手
item,品目・項目
income,収入
attitude,態度・考え方
site,用地・場所
aspect,側面
structure,構造
habit,習慣・癖
link,関連・つながり
instance,例
positive,肯定的な
negative,否定的な
complex,複雑な
current,現在の
mental,精神の
specific,特定の
significant,重要な
essential,必要不可欠な
official,公用の
financial,財政の
academic,学問の
aware,気づいて・知って
worth,値する
potential,潜在的な
active,積極的な
digital,デジタル方式の
mobile,可動式の
novel,斬新な・目新しい・小説
plastic,柔軟な・プラスチックの
chemical,化学の・化学的な
necessary,必要な
eventually,結局は
identify,特定する
respect,表す
indicate,指し示す・述べる
attend,出席する
manage,何とか成し遂げる・管理する
maintain,維持する・主張する
maintain,調査をする
replace,とってかわる
sort,分類する
conduct,実施する
associate,結びつけて考える
attempt,試みる・企てる
promote,促進する・昇進する
earn,稼ぐ・得る
unite,団結する・結合する
feed,に食べ物・乳を与える
seek,追い求める
observe,気づく・観察する・遵守する
reveal,明らかにする
estimate,推定する
reflect,反映する
attract,惹きつける
decrease,減少する
ignore,無視する
match,合う
define,定義する
adapt,適応する
contribute,貢献する・一因となる
exchange,交換する・両替する
display,示す
respond,反応する
hide,隠す
doubt,ではないと思う・疑う
remove,取り除く・解雇する
wind,巻く
assume,当然のことと思う・仮定する
relax,くつろぐ
satisfy,満足する
desire,強く望む
succeed,成功する
concept,概念
fashion,流行
device,装置・機器
charge,料金（利用料・手数料）
contrast,対照
colleague,同僚
pain,苦痛・痛み
bill,請求書
content,内容・中身
section,部門
audience,聴衆・観客
surface,表面
crop,作物
topic,話題・トピック
technique,技術
status,地位
option,選択
reward,報酬
race,人種
crime,罪・犯罪
conflict,争い
struggle,闘い
context,状況・背景
debate,討論・論争
fuel,燃料
pollution,汚染・公害
trend,傾向
balance,均衡・バランス
traffic,交通
strategy,戦略
basis,基礎
consequence,結果
aim,目的・目標
ancestor,祖先
gene,遺伝子
track,跡
revolution,革命・回転
progress,進歩
cognitive,認知の
ideal,理想的な
efficient,効率的な
universal,普遍的な
vast,莫大な
extra,追加の・余分の
entire,全体の・全部の
familiar,精通している
obvious,明らかな
moral,道徳の・倫理的な
ordinary,一般の・普通の
equal,等しい
previous,以前の・前の
FALSE,間違った
rare,まれな・珍しい
legal,法律の
independent,独立した
extreme,極端な
actual,実際の・現実の
willing,いとわない
urban,都市の
whereas,するのに対し
predict,予言する
examine,調べる
trust,信頼する
stick,動けなくする
emerge,現れる
vary,様々である
release,放出する
divide,分ける
enable,できるようになる
judge,判断する
rely,頼る
engage,従事させる
shift,変える・移す
adopt,採用する
acquire,得る
expand,拡大する
refuse,拒む
strike,心を打つ
repeat,繰り返す
consume,消費する
confuse,混同する
select,選ぶ・えり抜く
evolve,（徐々に）発展する
convince,納得する・確信する
recall,思い出す
destroy,破壊する
preserve,保存する
organize,準備する・組織する
warn,警告する・伝える
address,対処する
operate,操作する
participate,参加する
surround,取り巻く
flow,流れる
bore,退屈させる・うんざりさせる
complain,不平を言う・苦情を言う
host,主催する
combine,結びつける
extend,伸ばす
appreciate,正当に評価する
target,目標
element,要素・成分
principle,原則・原理
phenomenon,現象
atmosphere,大気・雰囲気
origin,起源
personality,個性・性格
capacity,容量・収容能力
profit,利益
circumstance,状況・事情
manner,作法・方法
threat,脅威
resident,居住者
wealth,富・資源
institution,機関・協会
authority,当局
vote,投票
sight,光景
campaign,運動
fund,基金・資金
web,ウェブ
symbol,象徴
analysis,分析
version,版（本・製品）
perspective,観点・見方
crisis,危機
disaster,災害
lecture,講義・講演
psychology,心理学
gender,性（社会的・文化的）・性別
custom,慣習（社会的な）
court,裁判所・法廷
desert,砂漠・形）人の住まない
soil,土地・土壌
agriculture,農業
fossil,化石
document,公文書・書類
vocabulary,語彙
intelligent,聡明な
conscious,意識して・気づいて
capable,能力がある
accurate,正確な
fundamental,基本的な
artificial,人工の
firm,確固たる
overall,総合的な
rural,田舎の・田園の
military,軍の・軍事の
nuclear,核の・原子力の
biological,生物学上の
constant,絶え間ない
severe,（人・規律・事態・天気など）厳しい
visual,視覚の
enormous,莫大な・巨大な
convenient,便利な・都合のいい
domestic,家庭の・国内の
mass,大規模な・大量の
typical,典型的な
overseas,海外へ
nevertheless,それにもかかわらず
demonstrate,論証する・証明する
behave,振る舞う
educate,教育する
purchase,購入する
recommend,勧める
admit,（しぶしぶ）認める
generate,生み出す
explore,調査する
amaze,びっくりする
tear,引き裂く
settle,解決する
afford,持つ余裕がある
conclude,結論付ける
advertise,宣伝する
encounter,遭遇する
remind,思い出させる
locate,位置する
aid,援助する・助ける
bite,かむ・かみつく
deliver,配達する
perceive,気づく
distinguish,区別する
imply,暗に意味する
handle,処理する・扱う
praise,称賛する
appeal,訴える
insist,強く主張する
compete,競う
rank,位置づける・評価する
deny,否定する
reject,拒否する
intend,意図する
expose,さらす
favor,賛成する
inspire,奮起する
propose,提案する
spell,つづる
breathe,呼吸する
repair,修理する
consist,成る
comment,意見・コメント
instruction,指示
religion,宗教・信条
neighborhood,地域
laboratory,実験室
presence,存在
confidence,自信
harm,害・損害
instrument,器具
category,部類・区分
capital,資本
outcome,結果
notion,概念・観念
review,論評
trait,特性
diversity,多様性
victim,犠牲・被害者
occasion,場合・時・行事
facility,施設・設備
stock,在庫品
conference,会議
humanity,人類
dialect,方言
proportion,割合・部分
tip,助言・秘訣
lawyer,弁護士
stuff,（漠然と）物
comfort,快適な
philosophy,哲学
mammal,哺乳動物
quality,質
landscape,風景
tribe,部族
organ,器官・臓器
trial,試み
norm,規範
code,規範
substance,物質
multiple,多様な
numerous,非常に数の多い
narrow,狭い
widespread,広範囲にわたる
sufficient,十分な
proper,適切な
linguistic,言語の・言語学の
annual,年１回の
contemporary,現代の
contrary,反対の
strict,（規制などが）厳しい
civil,市民の・民間の
odd,奇妙な・奇数の
unknown,不明の
superior,より優れた
sensitive,敏感な・微妙な
violent,激しい
virtual,仮想の・事実上の
regardless,かまわない・無頓着な
immediate,即座の
crucial,重要な
somewhat,いくぶん
interpret,解釈する
translate,翻訳する・変える
concentrate,集中する
request,頼む
criticize,批判する
overcome,克服する
obtain,得る
inform,知らせる
ensure,確実にする
announce,発表する・知らせる
grant,（人）に（許可・権利などを）与える
freeze,凍る
oppose,反対する
differ,異なる
hate,ひどく嫌う
emphasize,強調する
employ,雇う
credit,帰する
transform,変える
construct,建設する
arise,生じる
beat,打ち負かす
regret,後悔する
alter,変える
absorb,吸収する・夢中にさせる
disappoint,失望させる
cure,治す・治る
transport,輸送する
rush,急いでいく
hang,掛ける
blame,責める
ban,（法的に）禁止する・締めだす
fascinate,魅了する
recover,回復する
celebrate,祝う・挙行する
manufacture,製造する・でっちあげる
interact,影響しあう
arrange,段取りをつける
adjust,調整をする
confirm,確認する
insight,見識・理解力
innovation,革新
budget,予算
fee,料金
expense,経費
debt,借金・負債
loan,貸付金・融資
duty,義務
alarm,不安・恐れ
emergency,緊急
democracy,民主主義・民主政治
minister,大臣
fellow,仲間・同僚
candidate,候補者
corporation,（大）企業
stereotype,固定観念
route,道筋
disorder,障害・（心身の）不調
depression,憂鬱・不況・低気圧
weapon,兵器・武器
immigration,移民・移住
barrier,障壁
disadvantage,不利・障害・（信用の）損失
mood,気分・雰囲気
motion,動き・動作
routine,決まり切った仕事・いつもの手順
discipline,規律・しつけ
myth,作り話・神話
hypothesis,仮説・憶測
physician,医師・内科医
client,顧客（サービスを買う客）
colony,植民地
statistics,統計・統計学
grain,穀物
ingredient,材料・成分
treasure,宝物・財宝
contract,契約書
welfare,福祉・幸福
prime,主要な・もっとも重要な
curious,好奇心の強い
dramatic,劇的な・演劇の
distinct,明らかに異なる
anxious,心配して・切望して
vital,必要不可欠な
conventional,従来の
abstract,抽象的な
minor,小数の
extraordinary,奇妙な
stable,着実な
flexible,柔軟に
brief,簡潔に
aggressive,積極的な
visible,目に見える
unexpected,予期しない・意外な
ethnic,民族の・人種の
alien,異質の
initial,初めの
exact,正確な
precise,正確な・精密の
latter,後者の
commit,ゆだねる
stimulate,刺激する
enhance,（価値などを）高める・増す
pursue,追求する
react,反応する
disagree,不賛成する
stare,じっとみる
abandon,捨てる・断念する
quit,やめる
capture,とらえる
transfer,移す・乗り換える
bother,悩ます
persuade,説得する
rent,賃借りする・賃貸しする
breed,繁殖する・育てる
invest,投資する・与える
reserve,予約する
trace,たどる
illustrate,説明する
advise,忠告する
convey,伝える・運ぶ
attach,取り付ける
stretch,伸ばす・及ぶ
puzzle,当惑させる
disturb,かき乱す
crash,消灯する・墜落する
cope,うまく処理する
permit,許可する
impress,感動させる・印象を与える
suspect,ではないかと思う
upset,動揺させる
frighten,（人を）怖がらせる
import,輸入する
export,輸出する
investigate,調査する・究明する
monitor,監視する
calculate,計算する・予測する
eliminate,取り除く
ease,軽減する・和らぐ
launch,開始する
sequence,連続
therapy,療法
symptom,症状
incident,出来事・事件
witness,目撃者
sum,金額
burden,負担・（重い）義務
tone,口調・音色・雰囲気
honor,光栄・敬意
award,賞
priority,優先（事項）
logic,論理・道理
minimum,最小限度
exception,例外
clue,手がかり
bond,絆
virus,ウィルス
surgery,（外科）手術・外科
insurance,保険
frame,枠
shelter,避難所
territory,領土
boundary,境界
habitant,習慣
district,地区
conservation,保存・維持
harvest,収穫
predator,捕食動物
trap,わな
trick,こつ・策略・いたずら
fault,責任・誤り
discount,割引
bias,偏見・傾向
cooperation,協力・共同
patent,特許
dialogue,対話・会話
component,構成要素
reputation,評判
verbal,言葉の
internal,内部の
solid,しっかりした
remote,遠く離れた
principal,主要な・資本金の
sophisticated,高性能の・精巧な
equivalent,等しい・相当する
rational,理性的な
relevant,関係がある・適切な
absolute,絶対的な
frequent,頻繁な
permanent,永続的な
intense,強烈な
meaningful,意味のある
evil,邪悪な・有害な
extinct,絶滅した・廃止された
random,無作為の
raw,生の・未加工の
rude,無礼な
mere,単なる・ほんの
tropical,熱帯の
forth,前へ・先へ
possess,所有している
dominate,支配する
guarantee,保証する
melt,溶ける
embarrass,恥ずかしい思いをさせる
discourage,（人に）やる気をなくさせる
detect,感知する・気づく
device,捧げる
urge,（強く）促す
lend,貸す
restrict,制限する
isolate,孤立させる
accompany,同行する
exhaust,疲れ果てさせる
annoy,悩ます
endanger,危険にさらす
acknowledge,（事実などを）認める
admire,敬服（感心）する
evaluate,評価する
declare,宣言する
secure,確保する・守る
specialize,専門とする
attribute,（結果などを）帰する
pretend,ふりをする
bury,埋める
reverse,逆転させる
resist,抵抗する
scare,おびえさせる
imitate,まねる
assist,援助する
resemble,似ている
retire,引退する・退職する
neglect,おろそかにする
collapse,崩壊する
reform,改革する
protest,抗議する
owe,借りがある・おかげがある
sustain,持続させる
assign,割り当てる
accomplish,成し遂げる
wisdom,知恵
literacy,読み書きの能力
heritage,遺産
mission,使命・布教
license,免許・許可
elite,エリート
layer,層
motor,モーター
protein,タンパク質
profession,職業・専門職
editor,編集者
agent,仲介人・代理人
globe,地球・世界
haven,避難所・保護区
row,列
sacrifice,犠牲
means,手段
session,集まり
league,連盟
contest,コンテスト・競技
guard,警備員
opponent,（試合・論争などの）相手
glance,ちらっと見ること
divorce,離婚
tissue,組織
liquid,液体
inequality,不平等
prejudice,偏見
justice,公正・正義
guideline,指針・ガイドライン
platform,プラットフォーム
sector,部門・セクション
channel,チャンネル・海峡
glacier,氷河
primate,霊長目の動物
usage,用法・語法
fortune,財産・幸運
correlation,相互関係・相関関係
artistic,芸術的な
literary,文学の
classic,第一級の
liberal,自由主義の・寛大な
concrete,具体的な
slight,わずかな
federal,連邦（政府）の
primitive,原始的な
unfamiliar,不慣れな
subtle,微妙な
plain,明らかな
marine,海の
apparent,明白の
reluctant,気が進まない・いやがる
temporary,一時的な
guilty,罪悪感のある
royal,王の
pure,純粋な
incredible,信じられない
eager,熱望して
adequate,十分な
via,経由で
occupy,評価する
approve,賛成する
remark,述べる
pose,（危険を）引き起こす
yield,もたらす
exhibit,示す・見せる
distribute,分配する
command,命じる
occupy,（空間・時間）を占める
pop,ひょいと動く
pile,積み重ねる
greet,挨拶する
apologize,謝る
frustrate,いらだたせる
relieve,和らげる
derive,由来する・推論する
deserve,値する
peer,じっと見る
defeat,負かす
convert,変える
wed,結婚する
delight,喜ばせる
boost,押し上げる
endure,耐える
correspond,一致する
impose,課す
rescue,救う
resolve,解決する・決意する
register,記録する・登録する
interrupt,中断させる
rid,取り除く・除去する
prohibit,禁止する
compose,構成する
misunderstand,誤解する
punish,罰する
ruin,だめにする・破滅する
defend,防御する
embrace,受け入れる
modify,修正する・緩和する
qualify,資格を与える
passion,情熱・激怒
enthusiasm,熱情・熱意
phase,段階・局面
mode,方式
span,期間
gravity,重力・引力
orbit,軌道
asteroid,小惑星
core,核
soul,精神
nerve,神経・度胸
infection,感染
mall,モール
grocery,食品雑貨
humor,ユーモア
instinct,本能
faith,信頼
courage,勇気
incentive,動機付け
prospect,見込み
obstacle,障害
architecture,建築
stem,茎・幹
illusion,錯覚・思い違い
discrimination,差別
shame,恥
drought,干ばつ
flavor,風味
portion,部分
recipe,調理法
luxury,ぜいたく品
chip,小片・破片
ritual,儀式
sake,ために・の目的で
prefecture,県・府
council,議会（地方）・評議会
administration,管理部・行政・政府
curriculum,教育課程・カリキュラム
precious,貴重な
generous,寛大な
casual,何気ない
optimistic,楽観的な
rough,粗い
unpleasant,不愉快な
Arctic,北極の
ultimate,究極の
deaf,耳が聞こえない
genuine,本物の
manual,体（手）を洗う
mechanical,機械の
instant,即時の
spare,余分の・予備の
immune,免疫を持つ
harsh,厳しい
collective,集団の・共同の
inevitable,避けられない
profound,重大な・難解な
steady,着実な・一定の
mature,成熟した
likewise,同様に
chase,追跡する
sue,告訴する
gaze,じっと見る
slip,滑る
load,積む・に負わせる
overwhelm,圧倒する
wander,歩き回る
float,漂う・浮かぶ
pour,注ぐ・激しく降る
substitute,代わりに使う
pronounce,発言する
shrink,縮む・縮小する
restore,回復する
trigger,引き起こす
grab,つかむ
retain,保持する・覚えている
reproduce,複製する・繁殖する
bob,上下に動く
entertain,楽しませる
interfere,干渉する・介入する
cultivate,養う・耕す
underlie,根底にある
anticipate,予期する
justify,正当化する
regulate,規制する
scan,をスキャンする
classify,分類する
submit,提出する
pause,（一時的に）中止する
lean,傾く
bump,ぶつかる
fold,折りたたむ
hesitate,躊躇する・ためらう
pump,（液体・気体）をポンプで送り込む
mount,据え付ける
exceed,超える
undergo,経験する
confront,立ち向かう
consult,相談する
fulfill,実現させる
privilege,特権・特典
formation,形成
dimension,側面・局面
neuron,ニューロン・神経単位
sensation,感覚
chart,図・グラフ
geography,地理
panel,（専門家の）一団
semester,（２学期制の）学期
workforce,労働人口・総労働力
mill,製造工場
abuse,乱用
vice,（道徳上の）悪
fate,運命
tragedy,悲劇
scenario,（予想される）筋書き・事態
allergy,アレルギー
wound,傷
antibiotic,抗生物質
vaccine,ワクチン
metaphor,隠喩
folk,人々
fare,（乗り物の）料金
transition,移り変わり
maximum,最大限
galaxy,星雲・銀河
mineral,鉱物・ミネラル
skeleton,骨格
counterpart,相当する（もの・人）
stroke,脳卒中
pedestrian,歩行者
trail,（野山などの）小道
ecology,生態学
sibling,きょうだい
ratio,比率
mixture,混合物
charm,魅力
ambition,願望・野望
prominent,卓越した
radical,急進的な
prompt,即座に
informal,形式ばらない・略式の
mutual,相互の
neutral,中立の
alert,警戒して
magnetic,磁気の
polar,極地の
fluent,流ちょうな
external,外部の
passive,受動的な
awful,ひどい
unrelated,無関係の
cruel,残酷の
fake,偽の
vulnerable,（攻撃などに）弱い・もろい
urgent,至急の
spiritual,精神の
modest,謙虚な・適度な
keen,熱心な
nonetheless,それにもかかわらず，それでもなお
negotiate,交渉する
grasp,を把握[理解]する
donate,を寄付する
arrest,を逮捕する
crack,ひびが入る
tap,を軽くたたく
split,を分割する
forecast,を予想[予測]する
exclude,を除外する
overlook,を見落とす；を大目に見る
burst,破裂する
heal,(人・傷など)を治す
forbid,を禁じる
install,をインストールする；設置する
diminish,を減らす；減少する
cite,を引き合いに出す；を引用する
quote,を引用する
dispute,に異議を唱える；(を)議論する
highlight,を目立たせる，強調する
distract,(注意など)をそらす
cheat,をだます；不正をする
foster,をはぐくむ
obey,に従う
bend,を曲げる
deprive,から(権利などを)奪う
govern,(を)統治する，支配する
log,[log onで]ログオンする；を記録する
transmit,を伝える
bully,をいじめる
leap,跳ぶ
astonish,を驚かす
thrill,をぞくぞくさせる；わくわくする
nod,うなずく
bow,おじぎする
blend,を混ぜる
complicate,を複雑にする
pitch,を投げる
persist,続く；固執する
dedicate,をささげる
equip,に備えつける
premise,前提
input,入力(情報)，投入
merit,利点
sympathy,同情
compliment,賛辞
infrastructure,インフラ，基本的施設
ray,光線
distress,苦悩
joint,関節
expedition,遠征(隊)，探検(隊)
adolescent,青年
shade,(日)陰
jury,陪審(員団)
ethic,倫理，道徳
penalty,(刑)罰
faculty,能力，機能；学部
scheme,計画
nutrition,栄養(の摂取)
particle,(微)粒子
molecule,分子
nationality,国籍
poll,世論調査
clinic,診療所，クリニック
dementia,認知症
fatigue,疲労
dilemma,ジレンマ，板ばさみ
queue,(順番を待つ)列
curve,(道路などの)カーブ
narrative,物語，話
fingerprint,指紋
file,ファイル
wilderness,荒野
pesticide,殺虫剤
panic,パニック(状態)
fabric,織物，布(地)
fantasy,空想
fancy,(気まぐれな)好み；空想
virtue,美徳
grateful,感謝している
valid,妥当な
elaborate,入念な；凝った
moderate,適度な
dynamic,活動的な，精力的な
brave,勇敢な
brilliant,すばらしい
tremendous,途方もない．莫大な
oral,口頭の
innocent,無罪の
subsequent,その後の
shallow,浅い
indifferent,無関心な
inferior,より劣った
awkward,気まずい；ぎこちない
obese,肥満した
pregnant,妊娠した
intimate,親密な
medieval,中世の
sacred,神聖な
simultaneously,同時に
versus,[A versus Bで]A対B
proceed,"進む,進行する"
orient,（環境などに）慣らす
surf,（インターネット上の情報など）を見て回る
filter,をろ過する;を取り除く
bind,を縛る
resort,（好ましくない手段に）訴える、頼る
reinforce,を強化する
accumulate,"を蓄積する,集める"
bet,"と確信する,断言する"
advocate,を主張する
constitute,を構成する
undertake,を引き受ける
grip,を握る
dismiss,（意見など）を退ける；を解雇する
fade,薄れる；衰える
conceal,を隠す
chew,噛む
swallow,飲み込む
seal,を密閉する
migrate,移住する
exaggerate,誇張する
accuse,を非難する
vanish,消える
polish,を磨く
wipe,を拭く
sweep,を掃く
mislead,を誤解させる
spoil,を台無しにする
compound,を悪化させる；を混合する
explode,爆発する
disgust,をむかつかせる
commute,通勤[通学]する
decorate,を装飾する
postpone,を延期する
cease,をやめる
compromise,妥協する
elect,を選出する
extract,を取り[搾り]出す
inherit,を受け継ぐ
rear,(人・動物・植物)を育てる
empathy,感情移入，共感
cue,合図
enterprise,企業，事業
output,生産(高)
congress,(米国などの)議会
millennium,千年間，千年紀
mankind,人類
Muslim,イスラム教徒
estate,(動産・不動産などの)財産
landmine,地雷
caution,用心；警告
controversy,論争
consensus,総意；(意見の)一致
retail,小売り
fiber,繊維(質)
scent,(よい)香り
beverage,(水以外の)飲み物，飲料
supplement,栄養補助剤，サプリメント
diabetes,糖尿病
province,州，省
reef,(岩や砂の)礁
microbe,微生物
excess,過剰，超過
gallery,美術館，画廊
fame,名声
deadline,締め切り
undergraduate,学部学生
slavery,奴隷制度
prey,獲物
mess,散らかった状態[物]
recession,不況
retreat,後退，退却
grave,墓
column,コラム
scenery,景色
plot,(小説などの)筋；陰謀
sculpture,彫刻(作品)
tablet,タブレット(型情報端末)
dense,密集した，密度の高い
exotic,外来の
acid,酸性の
bitter,苦い，つらい
sensible,懸命な；実用的な
noble,高貴な；高潔な
vague,漠然とした，あいまいな
parallel,平行[並行]の
tense,張り詰めた，緊張した
vertical,垂直の
indigenous,原産の，先住の
aboriginal,アボリジニの；原生の
seasonal,季節の，季節的な
abundant,豊富な
hybrid,ハイブリッドの
irrelevant,無関係の
ridiculous,ばかげた
fairy,妖精の(ような)
sensory,感覚の
chronic,慢性の
voluntary,自発的な
inclined,傾向がある
infer,を推論する，推測する
esteem,を尊敬する；を見なす
tackle,に取り組む；と（～のことで）話をつける
venture,危険を冒して進む
accelerate,を加速させる，促進する
accustom,（人）を慣れさせる
amuse,をおもしろがらせる，楽しませる
flourish,繁栄する；繁茂する
thrive,繁栄する，うまくいく；繁茂する
nurture,をはぐくむ；を養成する
click,（を）クリックする；をカチッと鳴らす；カチッと音がする
spin,回転する；を回転させる；（糸）を紡ぐ
clip,を切り抜く；を（はさみで）切り取る；をクリップで留める
drag,を引きずる；ぐずぐずする
cast,を投じる；に役を当てる
scatter,をまき散らす；分散する
tempt,を（...する）気にさせる（to do）；を引きつける
withdraw,を引き出す；を撤回する；撤退する
yawn,あくびをする
blink,まばたきする；点滅する；（目）をまたたく
dye,を染める；染まる
spill,をこぼす；こぼれる
irritate,をいらいらさせる；をひりひりさせる
insult,を侮辱する（≒ affront）
enforce,を施行［実施］する；を（～に）強制する（on / upon）
rob,から（金品を）奪う
drain,（液体）を流出させる；（液体が）流れ出る
suspend,を停職［停学，出場停止］にする；を一時的に中断する
drift,漂う；さまよう；を押し流す
forgive,を許す；を免除する
revise,を修正する；を改訂する
recruit,を募る；に新人を補充する
twist,をねじる，ひねる；を歪曲する
crush,を押しつぶす；を弾圧する；を絞り出す
pin,をピンで留める；を突き刺す
uncover,を暴く（⇔ conceal ⇒ 1116）；を 発掘する
exploit,を活用する；を搾取する，につけ込む
implement,を実行［実施］する
integrate,を統合する；融合する
incorporate,を取り入れる；を法人にする；合併する
profile,人物の紹介；横顔；輪郭
appetite,食欲；欲求
impulse,衝動；刺激
script,台本；筆跡
anniversary,（～周年）記念日
pension,年金
temper,気質，気性；機嫌；かんしゃく
cortex,皮質；樹皮
syndrome,症候群；～現象
chamber,（特定の目的の）部屋；議場；〔the ～〕議院
utility,公共事業；公共料金；実用性
cattle,〔集合的に〕牛
herd,（牛などの）群れ；群衆
fluid,流動体，液体
pity,残念なこと；哀れみ
priest,聖職者
acquaintance,知人；面識；知識
offspring,子孫，子；成果
famine,飢饉；（食糧・物資の）ひどい不足
deforestation,森林伐採
jail,刑務所，拘置所（≒ prison）
commodity,商品；有用なもの
format,書式，形式；（本などの）型
recipient,受け取る人；（臓器などの）被提供者
drill,訓練；（反復）練習；ドリル，錐
inability,無能，無力
republic,共和国；共和制
combat,戦闘；対立
debris,（破壊された後の）残骸，瓦礫；がらくた
bug,病原菌（が起こす病気）；虫；盗聴器；（機械・プログラムの）欠陥
fraction,わずか（≒ bit），一部；分数
index,指標；索引；指数
intuition,直観（力），直感
motive,動機
consent,同意，承諾
hierarchy,（社会の）階層制；〔the ～〕支配層
monument,記念碑，遺跡；金字塔
asset,〔通例～s〕資産；価値のあるもの；利点
decent,まずまずの；きちんとした；上品な
competent,有能な；適任の；満足できる
straightforward,単純な；率直な
cosmetic,化粧の，美容の；うわべの
delicate,繊細な；扱いにくい；もろい
interior,室内の；内部の（⇔ exterior 外部の）
transparent,透明な；明快な
aesthetic,美的な；美学の
deliberate,故意の；慎重な
demographic,人口統計学の
prehistoric,有史以前の；旧式な
innate,生まれながらの；固有の
mild,穏やかな；（程度が）軽い
toxic,有毒な；中毒性の
ashamed,恥じて
humble,謙虚な；質素な；身分が低い
peculiar,特有の；特異な
steep,（傾斜が）急な；急激な；法外な
trivial,ささいな，取るに足りない
magnificent,壮大な；見事な
wireless,無線（電信）の，ラジオの
ongoing,継続している，進行中の
assure,に自信を持って言う；を保証する
precede,に先行する；に優先する
revive,を復活させる；復活する
compel,に強いる
blossom,花が咲く（≒ bloom）；発展する
terrify,を怖がらせる；を脅かす
violate,（法律・規則など）に違反する；を侵害する
suppress,を抑える；を抑圧する
deceive,をだます（≒ take in）
manipulate,を（巧みに）操る；を改ざんする
starve,飢える；（～を）渇望する（for）；を飢えさせる
flee,（から）逃げる
whisper,（を）ささやく
yell,叫ぶ，どなる
deposit,を置く；を預ける；を堆積させる
confine,を限定する；〔通例受身形で〕閉じ込められる
swing,を揺らす，振る；揺れる；（行動に）さっと移る
prolong,を長引かせる
depict,を描く
outline,の要点を述べる；の輪郭を描く
shed,を捨て去る；（光など）を放つ；（涙・血）を流す
emit,（光・熱など）を出す，排出する；（信号）を送る
renew,を更新する；（資源）を再生する
utilize,を利用する（≒ make use of）
assert,を主張する
strain,に負担をかける；を緊張させる；を漉す
strive,努力する；争う
dare,あえて［思い切って］...する
boast,を誇る；（を）自慢する
startle,をびっくりさせる（≒ surprise）
offend,の気分を害する；（に）違反する
compute,（を）計算する；コンピューターを使う
assemble,を集める；を組み立てる；集まる
worsen,を悪化させる；悪化する（≒ deteriorate）
flip,を（ぱっと）裏返す；を軽くはじく
rub,（を）こする；（～に）を塗る（on / over）
descend,（を）降りる（⇔ ascend ⇒ 1839）；受け継がれる
compensate,補償する（≒ make up）；に償う
comprise,から成る；を構成する
prevail,普及している；支配的である；（～に）打ち勝つ（over）
quest,探究
dignity,尊厳；威厳
criterion,（判断・評価の）基準
paradox,逆説；矛盾
parliament,（英国などの）議会；国会議員（団）
legislation,法律；立法
agenda,協議事項（リスト）；議事日程（表）；（政治上の）課題
mainstream,（活動・思潮などの）主流；大勢
troop,〔～s〕軍隊；集団
epidemic,流行（病）；蔓延
outbreak,発生，勃発
chaos,混沌，大混乱
nightmare,悪夢（のような状況）；不安感
horror,恐怖；強い嫌悪；嫌な物［人］
cluster,集団；（植物の）房，束
pollen,花粉
hive,ミツバチの巣（箱）；人の集まる所
irrigation,灌漑
dose,（薬の1回分の）服用量；放射線の1回の照射量
suicide,自殺；自殺的行為
feast,祝宴；大ごちそう；楽しみ
cuisine,（独特の）料理，料理法
rumor,うわさ
proverb,ことわざ（≒ saying）
signature,署名；特徴
formula,方法，解決策；公式
tuition,【主に米】 授業料（＝ 【英】tuition fees）；（個人）指導
intake,摂取量；受け入れ数；取り入れること
spectrum,スペクトル；（波動・変動の）範囲
kidney,腎臓
gear,用具（一式），器具；歯車；ギア
aisle,（座席間などの）通路
grief,深い悲しみ
destiny,運命
skull,頭骨，頭蓋骨；頭脳
tomb,墓
monk,修道士，僧（⇔ nun 修道女，尼）
worship,崇拝，礼拝（式）；賛美
outstanding,際立った；未払いの；未解決の
unprecedented,前例のない；空前の
infinite,無限の（⇔ finite 有限の）；無数の
worthwhile,価値がある；立派な
indispensable,不可欠な（⇔ dispensable なくてもすむ）
compulsory,義務的な，強制的な（⇔ voluntary ⇒ 1199）
probable,十分にありそうな
ambiguous,あいまいな；多義的な
obscure,（世に）知られていない；不明瞭な
skeptical,（～に）懐疑的な（of ⇒ about）
fragile,壊れやすい；虚弱な
static,静的な（⇔ dynamic ⇒ 1083）；動きのない
gradual,徐々の，緩やかな
vocal,声の，発声の；はっきりものを言う
vivid,鮮やかな；生き生きとした
imperial,帝国の；皇帝の
hostile,敵意のある（⇔friendly 友好的な）
superficial,表面的な
scarce,乏しい；珍しい
gross,総計の；甚だしい；粗野な
inherent,生来の，本来的に備わっている
notable,注目に値する；著名な
update,を最新のものにする；をアップデートする
refresh,（気分）をさわやかにする；（記憶など）を新たにする；を最新のものにする
bloom,花が咲く；栄える
conquer,を征服する；を克服する
induce,を引き起こす；を説得する
attain,を獲得する，達成する；に達する
spray,を吹きかける，に吹きつける
retrieve,（情報）を検索する；を取り戻す；を回復する
portray,を描く；（の役）を演じる
scratch,を引っかく；を取り消す，削除する
designate,を指定する；を任命する
contradict,と矛盾する；に反対意見を言う
sigh,ため息をつく
disrupt,を混乱させる；を分裂させる
depart,出発する；（～から）それる（from）
navigate,（を）誘導する；（を）操縦する；（を）航行する
beg,に（～を）切に頼む（for）；（を）懇願する
inhabit,に住んでいる；に宿る，存する
diagnose,（を）診断する
comprehend,を理解する
oblige,に義務づける；に恩恵を施す
cram,に詰め込む；詰め込み勉強をする
flock,群がる，集まる
underestimate,（を）過小評価する（⇔ overestimate （を）過大評価する）；（を）軽く見る；を少なく見積もる
clarify,を明確にする
spark,を引き起こす；を刺激する；スパークする
seize,をつかむ；を奪い取る；を没収する
soar,急上昇する；空高く飛ぶ
glow,光り［照り］輝く；赤く燃える；紅潮する
disguise,を（～に）変装させる（as）；を偽る
distort,を歪める；歪む
undermine,を徐々にむしばむ；を侵食する
abolish,を廃止する（≒ do away with）
strip,を［から］取り去る；を裸にする
dispose,〔dispose ofで〕を処分する；を（...する）気にさせる（to do）；を配置する
dump,を投棄する；をどさっと落とす
weave,を織る；（計画・物語など）を作り上げる
refine,を洗練する；を精製する
enrich,を豊かにする；（物質）を濃縮化する
coordinate,を調整する；を組織する；（服など）をコーディネートする
headline,（新聞などの）見出し
internship,【米】 実務［医学］研修；研修期間
outlet,直売店，特売店；はけ口；【米】（電気の）コンセント（≒ 【英】socket）
remedy,治療（法）；治療薬；解決法
pill,錠剤，丸薬；〔the ～〕ピル，経口避妊薬
reception,反応；宴会；受付；受信（状態）
transaction,（商）取引；（人と人との）交流
mutation,突然変異（体）；変化
dairy,〔集合的に〕乳製品；乳製品加工所［販売者］
compassion,同情
posture,姿勢；心構え
curse,悪態，ののしりの言葉；呪い；〔通例a ～〕災い
funeral,葬式
census,国勢調査；交通調査
encyclopedia,百科事典
cereal,〔通例～s〕穀物；シリアル（穀物加工食品）
fragment,断片
patch,（～の）部分，斑点；継ぎ；貼り薬
rubbish,【英】 ごみ（≒ 【米】garbage）；つまらないもの
maze,迷路（≒ labyrinth）；複雑に込み入ったもの
outlook,見解；見通し；眺め
breakthrough,大発見，飛躍的進歩
triumph,勝利；勝利の喜び；偉業
ally,同盟国；提携者；援助者；盟友
spectator,（試合などの）観客
sphere,領域；球体；天体
county,【米】 郡；【英】州
behalf,利益，味方
interval,（時間の）間隔；合間；隔たり；小休止
circulation,循環；流通；（新聞・雑誌の）発行部数
blade,刃；（プロペラなどの）羽根；（草などの）葉
theft,窃盗（罪）
vacuum,真空；空虚
collision,衝突；対立
bargain,買い得品；取引；契約
landmark,（ある場所の）目印；画期的な出来事
revenue,歳入（⇔ expenditure 歳出）；収益
treaty,（国家間の）条約；協定
supreme,最高の
thorough,徹底的な；まったくの
naked,裸の
sincere,心からの；誠実な
tame,飼いならされた，人に慣れた；退屈な
insufficient,不十分な；不適当な
dim,薄暗い；ぼんやりした
acute,（痛み・感情などが）激しい；（知覚などが）鋭い；急性の（⇔ chronic ⇒ 1198）
disabled,障害のある；障害者用の
metropolitan,大都市の，首都圏の
monetary,金銭的な；金融の
alternate,代わりの（≒ alternative）；交互の
partial,部分的な；不公平な（⇔impartial 公平な）
divine,神の；神にささげる
drastic,徹底的な，抜本的な；極端な
fierce,猛烈な；どう猛な
sole,唯一の；単独の；独占的な
spontaneous,自然発生的な；自発的な
spatial,空間の
neat,きちんとした；見事な
tidy,きちんとした，整頓された；相当の
loyal,（～に）忠実な（to）；誠実な
bless,に恩恵を与える；に感謝する
regain,を取り戻す
conform,順応する；一致する
enroll,登録する，入会する；を登録させる
entitle,に権利を与える；に題名をつける
halt,を止める；止まる
provoke,（感情・行動など）を引き起こす；を挑発する
invade,を侵略する；を侵害する；（場所）に殺到する
squeeze,押し入る；を押し込む；（を）搾る；（を）強く押す
crawl,はう；ゆっくり進む
digest,を消化する；を理解する；を要約する
utter,（声）を発する；（考えなど）を述べる
refrain,控える
populate,に住む，の住民である；に人を住まわせる
accommodate,を収容する；を（～に）適応させる（to）
steer,（を）操縦する；を（～へ）向ける（to）
drown,溺死する；を水浸しにする
dip,を浸す；（手など）を（～に）突っ込む（into / in）；下がる
soak,を浸す；をずぶぬれにする；浸る
stir,をかき回す；を揺り動かす
transplant,を移植する；を移住させる
reassure,を安心させる
resume,（を）再開する；を取り戻す
speculate,（と）推測する；投機する
surpass,を上回る
appoint,を任命する；（日時・場所など）を指定する
intrigue,に興味を持たせる；陰謀を企てる
decay,腐敗する（≒ rot）；（徐々に）衰える
contaminate,を汚染する；を堕落させる
swell,膨張する，腫れる；を膨らませる
delete,を削除する，消す
tolerate,を許容する，我慢する（≒ put up with）
envy,をうらやむ
pray,（を）祈る
confess,（を）告白する
resign,（を）辞任する；を放棄する
dissolve,（を）溶かす；（議会など）を解散する；（契約など）を解消する；溶ける
unfold,（閉じたもの）を開く；を明らかにする；開く；明らかになる
awaken,を目覚めさせる；（～から）覚める（from）
conceive,（を）思いつく；と想像する；（を）妊娠する
entrepreneur,起業家，事業家
stake,利害関係；〔通例～s〕賭け金；杭
surplus,余剰（⇔ shortage 不足），過剰；黒字
inflation,インフレ（ーション）；（物価の）高騰
sweatshop,搾取工場
clash,衝突；対立；かち合うこと；ガチャンという音
sociology,社会学
ideology,イデオロギー，思想傾向
margin,余白；差；利ざや
realm,領域；領土
domain,分野；領域；ドメイン（＝ domain name）
algorithm,アルゴリズム；問題解決の手順
prairie,大草原
frontier,〔通例the ～s〕最先端；〔the ～〕 【米】辺境地；国境
bullet,銃弾
shield,盾，防御物
despair,絶望
radiation,放射能，放射線
placebo,偽薬，プラシーボ；気休め
nursery,託児所；苗床
spouse,配偶者
makeup,化粧；化粧品；構成；性質
mummy,ミイラ；【英】ママ，お母さん（＝ 【米】mommy）
flesh,（人・動物の）肉；果肉
limb,手足
odor,におい；気配
laundry,洗濯（物）；クリーニング店
tide,潮（の干満）；動向
questionnaire,アンケート
nonsense,ばかげた物［話，考え］；無意味な言葉
revenge,復讐
intellect,知性；〔the ～（s）〕知識人
hospitality,親切なもてなし，歓待；受容性
librarian,司書，図書館員
manuscript,（手書きの）原稿；写本
obsession,（考えなどに）取りつかれること；妄想；強迫観念
hygiene,衛生（状態）；健康法
paradigm,理論的枠組み，パラダイム；模範
legitimate,合法的な；妥当な
authentic,本物の；信頼できる
empirical,経験的な；経験主義の
immense,膨大な
absurd,ばかげた；不合理な
weird,異様な（≒ bizarre），奇妙な
accidental,偶然の；過失による
uneasy,不安な；落ち着かない；ぎこちない
jealous,嫉妬深い；用心深い
feminine,女らしい（⇔ masculine ⇒ 1681）
swift,素早い
hollow,空洞の；空虚な；うわべだけの
crude,大まかな；粗野な；未精製の
sore,痛い；腹が立って
pessimistic,悲観的な（⇔ optimistic ⇒ 882）
vain,無駄な；うぬぼれた
susceptible,（～の）影響を受けやすい（to）；感染しやすい
edible,食用の，食べられる
sheer,純然たる，真の；すごい；（布が）薄地の
explicit,明白な（⇔ implicit ⇒ 1795）；率直な
prone,（～に）なりやすい（to）；（...する）傾向がある（to do）
affluent,裕福な；豊富な
collaborate,共同して働く；（～に）協力する（with）
exert,を及ぼす；（力など）を行使する
excel,（～で）秀でている（in / at）；に勝る
prosper,栄える，成功する；繁殖する
surge,殺到する；（感情が）こみ上げる；急騰する
intervene,（～に）介入する（in）；介在する
insert,を挿入する
overtake,を追い抜く；に追いつく（≒ catch up with）；（災難・強い感情などが）を襲う
snap,をパチンと鳴らす；をポキッと折る；ポキッと折れる；パチンと音を立てる
carve,を彫る；を切り開く；（肉）を切り分ける
addict,〔受身形で〕（～の）中毒になる（to）；（～に）凝る
condemn,を非難する；〔受身形で〕（～の刑を）宣告される（to）
convict,に有罪を宣告する
dictate,を指図する；を書き取らせる；を規定する
prescribe,（薬など）を処方する；を規定する
inhibit,を抑制する；を妨げる
stray,はぐれる，（道に）迷う
roam,（を）歩き回る；放浪する
enclose,を同封する；を取り囲む
execute,を実行する；を処刑する
coincide,同時に起こる；一致する
lag,遅れる；徐々に弱まる
cling,しがみつく；くっつく
erase,を消す
grind,（穀物など）をひく
knit,を編む；を結合する；編み物をする
inquire,（を）尋ねる
betray,をうっかり表す；を裏切る
leak,漏れる；を漏らす
smash,を粉砕する；を強打する；粉々に壊れる；激突する
bounce,跳ねる；反射する；を弾ませる；（Ｅメールが）（宛先不明で）返送される
sprawl,（都市などが）不規則に広がる；だらしなく手足を伸ばす
converse,（～と）会話をする（with）
recite,を暗唱する；を詳述する
disregard,を無視する；を軽視する
frown,眉をひそめる
evoke,を呼び起こす
pledge,を誓う，約束する；を与えることを約束する
aspire,（～を）熱望する（to）
contemplate,（を）熟考する；を予想する
grace,優美，優雅；分別；（神の）恩寵
enlightenment,啓蒙，啓発
commerce,商業；貿易
draft,下書き；為替手形；隙間風
barrel,バレル（液量の単位）；たる
timber,【英】 木材（≒ 【米】lumber）；樹木
garment,衣服
thread,糸；（議論などの）筋道
cabinet,〔しばしばthe C-〕内閣；戸棚
bureau,（官庁の）局；事務局；案内所
autonomy,（個人の）自律；自治（権）；自治体
toll,損害（の程度）；死傷者数；通行料
discourse,話し合い，会話；講演；論説
superstition,迷信
glimpse,ちらりと見えること
arithmetic,計算；算数
glossary,用語小辞典；用語集
archive,〔しばしば～s〕記録文書，公文書；公文書保管所；（コンピューターの）アーカイブ
legacy,遺産
anthropology,人類学
rage,激怒；猛威
sorrow,悲しみ
psychiatrist,精神科医
ward,行政区；病棟
stall,露店；エンスト；失速
flame,炎；情熱
moisture,水分；湿気
irony,皮肉
warrior,戦士
astronomy,天文学
probe,（無人）宇宙探査機；（～の）精査（into）；探り針
altitude,高度，標高
tumor,腫瘍；腫れ物
defect,欠陥；不足
sanitation,公衆衛生（学）；下水［衛生］設備
longevity,長寿；寿命；長年勤続
scope,（活動・能力などの）範囲；余地
sentiment,感情；感想；感傷
plausible,もっともらしい
vigorous,精力的な；激しい；活力のある
masculine,男らしい（⇔ feminine ⇒ 1588）
rigid,厳しい；硬直した
adverse,不都合な；逆の
coherent,一貫した，筋の通った；結束した
literal,文字どおりの；逐語的な；散文的な
arbitrary,恣意的な；独断的な
anonymous,匿名の
antique,骨董の，アンティークの；古風な
eternal,永遠の；不変の
intermediate,中級の；中間の
subordinate,（～より）下位の（to）；副次的な
gloomy,陰気な；薄暗い；悲観的な
thermal,熱の，熱による；保温用の
faint,かすかな；めまいがする；弱々しい
naive,お人よしの，愚直な；純朴な
apt,（...する）傾向がある（to do）；適切な；利発な
arrogant,横柄な，傲慢な
extrovert,外向的な；社交的な
conspicuous,目立つ
intact,損なわれていない，手つかずの
embody,を具現する；を包含する
illuminate,を照らす；を解明する
console,を慰める
verify,の正しさを証明［確認］する
disclose,を公表する，暴く
stack,を積む，積み重ねる；〔～ upで〕（車が）渋滞する
rotate,回転する；循環する；を回転させる
constrain,に（...することを）強いる（to do）；を抑える
hinder,を妨げる
withstand,に耐える
tweet,（を）ツイートする，つぶやく
sneeze,くしゃみをする
erupt,（火山が）噴火する；勃発する
blur,をぼかす；を曇らせる；をあいまいにする
overlap,（一部）重なる；（と）重複［共通］する
embed,〔通例受身形で〕埋め込まれる，はめ込まれる
displace,に取って代わる（≒ replace）；を移動させる
render,を（ある状態に）する；（援助など）を与える
plunge,（～に）（を）突っ込む（into）；没頭する；陥る
surrender,を放棄する，引き渡す；（～に）屈する（to）
plug,〔plug inで〕のプラグを電源に差し込む；を（～で）ふさぐ（with）
suck,（を）吸う；（を）しゃぶる
mock,をばかにする（≒ make fun of）；のまねをしてからかう
tease,（を）からかう；をいじめる
soothe,をなだめる；を和らげる
stain,を汚す；に着色する
shun,を避ける
stumble,よろけながら歩く；（～に）つまずく（on / over）
flush,を紅潮させる；を水で流す；紅潮する
impair,を損なう
presume,と思う；と推定する；を前提とする
contend,と主張する；競う
roar,うなる，ほえる；大笑いする
haunt,（記憶・考えなどが）につきまとう；（幽霊などが）に出る；によく行く
divert,（注意など）をそらす；を迂回させる；（資金など）を転用する
await,を待つ（≒ wait for）
fetch,を（行って）持って［連れて］くる
unify,を統合［統一］する；統一される
inspect,を点検する；を視察する
entail,を伴う，引き起こす；（...すること）を含む（doing）
tactics,作戦，方策；戦術，戦法
feat,偉業，功績；妙技
prestige,名声；〔形容詞的に〕名声のある
analogy,類推；類似
conscience,良心；分別
textile,織物；繊維（産業）
deficit,赤字，不足；欠陥
plague,疫病；（害虫などの）異常発生
hazard,危険（要素）；偶然
metabolism,（新陳）代謝，代謝作用
paralysis,麻痺；〔比喩的に〕麻痺（状態）
grid,（電気などの）供給網；格子（模様）；碁盤目
carriage,馬車；車両（＝ 【米】car）；立ち居振舞い；【英】輸送
friction,不和；摩擦
rebel,反逆者
regime,政権，政体；体制
monopoly,独占（権）
staple,必需食品；主要産物
merchandise,商品
vendor,物売り，行商人；自動販売機
supervisor,監督者；指導教員
predecessor,前任者（⇔ successor 後継者）；前のもの
personnel,〔集合的に〕職員，社員
vessel,船舶；容器；（体液が通る）脈管
liver,肝臓
duration,（時間の）継続，持続（時間）
certificate,証明書；免許状
geometry,幾何学
symmetry,（左右）対称（⇔ asymmetry 非対称）；調和
biography,伝記
masterpiece,傑作
rhyme,押韻詩；韻；〔通例～s〕詩歌
premium,保険料；プレミア；景品
breakdown,崩壊；（神経）衰弱；故障；内訳
courtesy,礼儀正しさ；好意；優遇
protocol,（条約）議定書；外交儀礼；プロトコル
specimen,標本；実例
thesis,論文；命題，テーゼ
eligible,適格の，資格のある；（結婚相手として）望ましい
intrinsic,固有の，本質的な（⇔ extrinsic 非本質的な）
diligent,勤勉な；入念な
vocational,職業の，職業訓練の（ための）
bankrupt,破産宣告を受けた；破綻している
stern,厳しい；いかめしい
stubborn,頑固な，強情な（≒ obstinate）；手に負えない
maternal,母の，母親らしい（⇔ paternal 父の）；妊婦の
fertile,肥沃な（⇔ barren 不毛の）；多産の
ripe,熟した；成熟した
stiff,硬直した，凝った；堅い
obsolete,廃れた，使われなくなった；古くなった
vacant,空いている
acoustic,音響の；聴覚の；（楽器が）アコースティックの
preliminary,予備の，準備の
approximate,おおよその
implicit,暗黙の（⇔ explicit ⇒ 1598）；内在する
punctual,時間を守る
compatible,矛盾しない；互換性のある；気が合う
ample,十分すぎるほどの；広い
pervasive,隅々に広がった；浸透する；充満する
ubiquitous,至る所にある
deduce,を推測する，演繹する
simulate,を模擬実験する；を装う；をまねる
merge,（を）合併する；を融合させる；溶け込む
penetrate,（に）浸透する；（に）進出する；（を）貫く；（を）見抜く
cater,（の）料理をまかなう；（要望などに）応える
assault,に暴行する；を攻撃する
torture,を拷問にかける；を苦しめる
bleed,出血する
erect,を建てる；を直立させる
cherish,を大切にする；を心に抱く
arouse,（感情など）を引き起こす；を目覚めさせる
doom,〔通例受身形で〕運命にある
mourn,（を）悼む（≒ grieve）；（を）嘆く
dread,をひどく恐れる
nourish,に栄養を与える；をはぐくむ
inject,（人）に注射する，を注入する；を導入する
swear,（～を）ののしる（at）；（を）誓う（≒ vow）
bid,（～に）の値をつける（for ⇒ on）；（挨拶）を述べる
corrupt,を堕落させる；を買収する；堕落する
preoccupy,の心を奪う，を夢中にさせる
browse,（を）拾い読みする；（を）閲覧する；（商品など）を見て歩く
compile,を編集する；（資料など）をまとめる
allocate,を割り当てる，分配する
offset,を相殺する，埋め合わせる；をオフセット印刷にする
restrain,を制止する；を規制する
comply,従う，応じる
expire,期限が切れる
embark,（～に）乗り出す（on）；乗船［搭乗］する
flap,パタパタ動く；羽ばたく（≒ flutter）；をパタパタ動かす
furnish,に（～を）備えつける（with）
forge,を偽造する；（関係など）を築く；を鍛造する
thrust,を押しつける；を突き刺す；押し進む
dispatch,を派遣する；を発送する；を処理する
resent,に憤慨する
reconcile,を（～と）一致させる（with）；を和解させる
allege,を主張する
oppress,を抑圧［迫害］する；を悩ませる
expel,を追放する；を吐き出す
ascend,（を）上がる（⇔ descend ⇒ 1337）
commence,始まる；を開始する；...し始める（to do / doing）⇒ commence work 仕事［作業］を始める
advent,〔the ～〕出現，到来
reign,治世；統治
diplomacy,外交（的手腕）
embassy,大使館；大使一行
exile,亡命（者）；（国外）追放
refuge,避難（所）；保護
plight,窮状（＝ predicament）；（悪い）状態
solitude,ひとりでいること；孤独
fallacy,誤った考え，誤信；錯誤
latitude,緯度；（行動・思想などの）許容範囲
eclipse,（日食・月食などの）食；（名声などの）失墜
basin,流域；盆地，海盆；洗面器［台］
erosion,浸食；衰退
archaeology,考古学
errand,（人の）使い，使い走り；用件
mercy,慈悲；〔通例a ～〕幸運
rhetoric,修辞（法）；美辞麗句
verse,韻文（⇔ prose 散文）；詩
congestion,混雑
sewage,下水
complement,（～の）補完物，補足（to）；（文法の）補語
subsidy,補助金；報奨金
mortgage,住宅ローン；抵当（権）
attorney,【米】 弁護士；代理人
outfit,衣装一式；装備［道具］一式；組織
bulk,〔the ～〕（～の）大半（of）；大きさ；大量
reunion,再会（の集い）；再結合
synthesis,合成；総合（⇔ analysis ⇒ 363）
mold,鋳型；鋳物；性格；かび
thirst,（のどの）渇き；（～に対する）渇望（for）
greed,強欲
bribe,賄賂
contempt,軽蔑；恥辱
texture,感触，手触り；本質；質感
orphan,孤児
harassment,嫌がらせ，ハラスメント
hay,干し草
doctrine,教義；【米】（政策上の）主義
holistic,全体論の；（医療が）ホリスティックの
liable,しがちな；（～を）受けやすい（to）；責任がある
earnest,まじめな，熱心な
intelligible,（簡単に）理解できる
abrupt,突然の（≒ sudden）
reckless,無謀な；（～を）顧みない（of）
furious,激怒した；猛烈な
eloquent,雄弁な；説得力のある
juvenile,青少年の
notorious,悪名高い（≒ infamous）
timid,臆病な；内気な
humid,湿気のある（≒ muggy 蒸し暑い）
contagious,感染（性）の；病気を伝染する
cynical,冷笑的な，皮肉な
dumb,ばかげた；口のきけない；無言の
monotonous,単調な
perpetual,永続的な；ひっきりなしの
dizzy,目まいがする；当惑した
weary,疲れ果てた；（～に）うんざりした（of）
numb,麻痺した，無感覚な；ぼう然とした
mortal,致命的な（≒ fatal）；死すべき（運命の）（⇔ immortal 不死の）
zealous,熱心な