vital,非常に重要な・生命の
vitality,生命力
vivid,鮮やかな
revive,を生き返らせる
revival,蘇生
essential,重要な・本質的な
essentially,本質的に
essence,本質
indispensable,必要不可欠な
dispense with,なしで済ます
crucial,決定的な
significance,重要性
signify,を意味する
significant,重要な・かなりの
significantly,かなり
consequence,結果・重要さ
consequent,結果として生じる
consequently,その結果
matter,問題・重要である
count,を数える・重要である
make a difference,重要である
trivial,ささいな
triviality,ささいな事
trifle,くだらない事
common,共通の・ありふれた
commonplace,ありふれた
ordinary,普通の
extraordinary,並はずれた
extraordinarily,並はずれて
familiar,よく知られた・精通している
familiarity,精通
emphasize,を強調する
emphasis,強調
emphatic,強調された
stress,を強調する・ストレス・重点
underline,を強調する
neglect,を怠る
negligence,怠慢
negligible,無視しうる
ignore,を無視する
be ignorant of,を知らない
ignorance,無知
eminent,著名な
eminence,高位
prominent,目立った
prominence,目立つこと
primary,第一の・主要な
primarily,第一に
prime,最高の・主要な
tiny,ちっぽけな
slight,わずかな
slightly,わずかに
character,性格・登場人物・文字
characterize,を特徴づける
characteristic,特徴・特徴的な
feature,特徴・を特集する
trait,特徴
typical,典型的な
typically,典型的に
unique,特有の・唯一の
peculiar,特有の・風変わりな
peculiarity,特性・風変わりな点
particular,特定の
particularly,特に
in　particular,特に
general,一般的な
generally,一般的に
generalize,を一般化する
generalization,一般化
in general,一般的に
specify,を特定する
specific,明確な・特定の
distinguish,を区別する
distinct,明確な・異なる
distinctive,独特な
distinction,区別
define,を定義する・明確にする
definite,明確な
definition,定義
definitely,絶対に
indefinite,不明確な
vague,曖昧な
vaguely,漠然と
obscure,不明瞭な・世に知られていない
obscurity,曖昧さ・世に知られていないこと
ambiguous,曖昧な
ambiguity,曖昧さ
obvious,明白な
obviously,明らかに
evident,明白な
evidently,明らかに
evidence,証拠・立証する
apparent,見たところの・明白な
apparently,見たところは
respect,を尊敬する・点
respectful,礼儀正しい
respectabale,ちゃんとした
respective,それぞれの
respectively,それぞれ
aspect,側面
detail,詳細
precise,正確な
precisely,正確に
precision,正確さ
accurate,正確な
accuracy,正確さ
detailed,詳細な
the main character,主役
Chinese characters,漢字
it is typical of A to do,～するとはAらしい
be unique to A,Aに特有の
distinguish A from B,AをBと区別する
in this respect,この点で
in detail,詳細に
structure,構造・骨格
construct,を建設する
reconstruct,を再建する
construction,建設
constructive,建設的な
destroy,を破壊する
destruction,破壊
destructive,破壊的な
architecture,建築
architect,建築家
constitute,を構成する・設立する
constitution,構成・組織・憲法
institute,制定する・協会・研究所
institution,制度・施設
substitute A for B,Bの代わりにAで代用する
substitution,代理
stable,安定した
stability,安定性
stabilize,を安定させる
establish,を設立する・確立する
establishment,設立・確立
subject,主題・家来・被験者・従属している
subjective,主観的な
subdue,を征服する・支配する
submit,を服従させる・を提出する
submission,服従・提出
submissive,服従した
substance,物質・実体
substancial,確固たる
fundamental,根本的な・基礎的な
fund,基金
found,を設立する
foundation,基礎
profound,深い
be based on,に基づいている
basis,基礎
on the basis of,に基づいて
ground,地面・根拠
on the ground that,という理由で
superficial,うわべの
shallow,浅い
superb,すばらしい
supervise,を監視する
superstition,迷信
superstitious,迷信深い
core,中心
surface,表面
internal,内面の
external,外側の
concentrate,集中する
compose,を構成する・作曲作文する
composition,構成・作文
be composed of,から成る
compose oneself,心を落ち着かせる
consist,から成る・存在する
consistent,一貫した・一致する
consistency,一貫性・一致
inconsistent,一貫性のない・矛盾した
organize,を組織する
organization,組織
elementary,初歩的な
component,構成要素
compound,混合物・を混合する
complex,複雑な・集合体
complexity,複雑さ
complicated,複雑な
be subject to A,Aに従属している
a subject for/of A,Aの対象
submit oneself to A,Aに服従する
on a daily basis,日常的に
on a regular basis,定期的に
consist of A,Aから成る
consist in A,Aの中に存在する
be compounded of A,Aから成る
reveal,を明らかにする
revelation,暴露
conceal,を隠す
expose A to B,AをBにさらす
exposure,さらすこと
impose A on B,AをBに課す
divide A into B,AをBに分割する
division,分割
diffuse,をまき散らす・拡散する
diffusion,分散・拡散
scatter,をまき散らす
spread,広がる
widespread,広く普及した・広範囲の
bend,を曲げる
be bent on,しようと決意している・に熱中している
incline,を傾ける
be inclined to do,したい気がする
inclination,傾向
lean on [against],～にもたれる
erect,建てる・直立した
erection,直立・建設
emit,放出する
emission,放出
absorb,を吸収する・理解する
be absorbed in,に熱中している
absorption,吸収・熱中
attract,を惹きつける
attractive,魅力的な
attraction,魅力・呼び物
extract,を抜き出す
aim,目標・狙う
penetrate,を貫通する
penetration,貫通
thrust,押しつける・突き刺す
insert A into B,AをBに挿入する
insertion,挿入
grasp,を掴む・理解する
grab,を掴む
seize,を掴む
drag,を引きずる
cling,しがみつく・固執する
stick,棒・くっつく
stuck,動けない
attach,をくっつける・愛着を持たせる
attachment,付着・愛着
detach,を切り離す
imitate,を真似る
imitation,真似
fold,を折り畳む
unfold,を広げる
tear,を引き裂く
mold,をかたどる・形成する
distort,を歪める
distortion,歪み
expand,拡大する
expansion,拡大
shrink,縮む
swell,膨らむ
assemble,を集める・組み立てる
assembly,集会・組み立て
collect,を集める
collection,収集
collective,集団の
cram,を詰め込む
rotate,回転する
rotation,回転
twist,をひねる
upset,動揺させる・動揺した
stir,をかき回す・騒乱
explode,爆発する
explosion,爆発
explosive,爆発物
burst,爆発する
melt,溶ける
string,糸
restrict A to B,AをBに制限する
restriction,制限
strict,厳しい・厳密な
strictly,厳密に
distrss,苦悩
strain,緊張・品種
restrain,を抑制する
restraint,抑制
tense,緊張した
tension,緊張
extend,を延長する
extensive,広範囲の
extension,延長
intense,激しい
intensive,集中的な
intensity,強烈さ
intensify,を強める
force,力・強制する
enforce,を施行する
reinforce,を強化する
compel,強いる
compulsion,強制
compulsory,強制的な・義務的な
compulsive,強制的な
oblige,義務付ける
obligation,義務・感謝
obligatory,義務的な・強制的な
voluntary,自発的な
volunteer,ボランティア・申し出る
spontaneous,自発的な
spontaneously,自発的に
spontaneity,自発性
free,自由な・無料の・暇な
free of,を免除されている
for free,無料で
freedom,自由
liberty,自由
liberate,を解放する
liberal,自由主義の
release,を解放する
capture,を捕らえる
captive,とらわれた・捕虜
captivity,とらわれの身
prohibit,を禁じる
prohibition,禁止
forbit,を禁じる
ban,を禁止する
permit,に許可する
permission,許可
allow,が～するのを許す
allowance,お小遣い
forgive,を許す
overlook,を大目に見る・を見落とす
generous,寛容な
generosity,寛容
tolerate,を容認する
tolerant,容認する(形)
tolerance,寛容
tolerable,許容できる・かなりの
intolerant,不寛容な
force A to do,Aに～することを強制する
force A on B,AをBに押し付ける
be compeled to do,～せざるを得ない
be obliged to do,～せざるを得ない
be obliged to A for B,AにBを感謝している
be free to do,自由に～する
free of charge,無料の
at liberty,自由に
permit A to do,Aが～するのを許可する
allow A to do,Aが～するのを許可する
allow for A,Aを考慮する
be tolerant of A,Aを容認する
melt,溶ける
prevent,を妨げる・防ぐ
prevention,妨害・予防
avoid (doing),を避ける
unavoidable,避けられない
hinder,を妨げる
refrain from doing,～するのを差し控える
interrupt,を邪魔する
interruption,邪魔
disrupt,を乱す
disturb,を妨げる
disturbance,妨害
interfere with A,Aに干渉する
interference,干渉
cease doing/to do,～するのをやめる
halt,を停止する
come to a halt,停止する
deprive A of B,AからBを奪う
rob A of B,AからBを奪う
robbery,強奪
robber,強盗
strip A of B,AからBをはぎ取る
remove A from B,BからAを取り除く
removal,除去
eliminate,を取り除く
elimination,除去
get rid of,を処分する
dispose of,を処分する
disposal,処分
disposable,使い捨ての
do away with,を捨てる
discard,を捨てる
abandon,を捨てる
desert,見捨てる・砂漠
provide A with B,AにBを供給する
provision,備え・配給
provided that,～であれば
supply A with B,AにBを供給する
offer,を提供する・申し出る
furnish,に備え付ける
furniture,家具
equip,に装備する
equipment,装備
promote,を促進する・昇進させる
promotion,促進・昇進
enhance,を高める
accelerate,を加速する
boost,を促進する
urge,にせき立てる・衝動
urgent,緊急の
urgency,緊急性
encourage A to do,Aに～するよう励ます
encouragement,激励
courage,勇気
discourage,落胆させる
provide for,を扶養する・に備える
prevent A from ing,Aが～するのを妨げる
at A's disposal,Aの自由になる
provide B for/to A,AにBを供給する
supply B for/to A,AにBを供給する
get promoted,昇進する
urge A to do,Aに～するように急き立てる
on urgent business,急用で
have the courage to do,～する勇気を持つ
be compeled to do,～せざるを得ない
be obliged to do,～せざるを得ない
be obliged to A for B,AにBを感謝している
be free to do,自由に～する
free of charge,無料の
at liberty,自由に
permit A to do,Aが～するのを許可する
allow A to do,Aが～するのを許可する
allow for A,Aを考慮する
be tolerant of A,Aを容認する
melt,溶ける
project,企画・見積もる・投影する
enterprise,事業・企業
scheme,計画
attempt,試み・を試みる
purpose,目的
with the purpose of,～する目的で
for the porpose of,～する目的で
on purpose,故意に
intention,意図
intend to do,～しようと意図する
intentionally,意図的に
destination,目的地
destiny,運命
be destined to do,～する運命にある
ideal,理想・理想的な
idealistic,理想主義の
practical,実用的な
practically,ほとんど・実用的に
real,現実の
reality,現実
realize,を理解する・実現する
realization,理解・実現
realistic,現実的な
fantasy,空想
fancy,空想・を想像する・高級な
illusion,錯覚
disillusion,を幻滅させる
imagine,を想像する
imagination,想像・想像力
imaginary,想像上の
imaginative,想像力に富んだ
task,仕事
undertake,を引き受ける
launch,を始める・発射する
embark,着手する
hesitate,ためらう
hesitant,躊躇している
hesitation,躊躇
pursue,を追い求める
pursuit,追求
seek,を探し求める
strive,努力する
assign AB/B to A,AにBを割り当てる・課す
assignment,課題
allot A to B,BにAを割り当てる
in charge of,を担当して
be responsible for A,Aに対して責任がある
responsibility,責任
irresponsible,無責任な
execute,を実行する・処刑する
execution,実行・処刑
executive,重役
perform,を実行する・演じる
performance,実行・業績・演技
carry out,を実行する
obstacle,障害物
adverse,不利な
adversity,逆境
adversary,敵・敵の
hardship,苦難
burden,重荷
overcome,を克服する
cope with,に対処する
tackle,に取り組む
talent,才能
gift,贈り物・才能
gifted,才能のある
ability,能力
skill,技術・能力
skillful,熟達した
capable,能力がある
capability,能力
incapable,能力がない
capacity,能力・受け入れる能力
potential,潜在能力・潜在的に可能な
effort,努力
struggle,奮闘する
endeavor,試み・努力する
persist,ねばる・しつこく主張する
persistent,ねばり強い
persistence,ねばり強さ
persevere,ねばる
perseverance,ねばり強さ
efficient,効率的な
efficiency,効率
deficient,欠陥のある
fulfill,を果たす
fulfillment,達成
attain,を達成する
attainment,達成
achieve,を達成する
achievement,達成・業績
accomplish,を成し遂げる
accomplishment,完成・業績
obtain,を手に入れる
gain,を得る・増す
regain,を取り戻す
acquire,を獲得する・習得する
acquisition,獲得・習得
complete,を完了する・完成した
completion,完成・完了
completely,完全に
in reality,現実には
seek to do,～しようとする
temporary,"一時的な,仮の"
contemporary,"同時代の,現代の"
permanent,永続する
eternal,"永久の,永遠の"
eternity,"永久,永遠"
rare,"まれな,めったにない"
rarely,めったに...ない
once in a while,たまに
occasion,"機会,場合,出来事"
occasional,時折の
occasionally,時々
now and then,時々
frequent,度々の
frequency,頻度;周波数
frequently,"頻繁に,度々"
constant,"絶え間ない,一定の"
constantly,絶えず
perpetual,"絶え間ない,永久の"
at the moment,今のところは
at present,今のところは
for the time being,ここしばらくは
rapid,急速な
rapidly,急速に
immediate,即座の;直接の
immediately,ただちに;直接に
prompt,"即座の;素早い/~を促す,刺激する"
promptly,即座に
abruptly,"不意に,突然"
period,期間;時代;時限
age,年齢/時代
come of age,成人になる
epoch,"新時代,時代の幕開け"
phase,"局面,面,段階"
decade,10年
annual,"毎年の,年に１回の"
annually,"毎年,年に１回"
anniversary,記念日
interval,間隔
origin,"起源,出生"
original,"独自の,本来の"
initial,起こる
initially,最初の
former,最初は
formerly,"以前の,前者の"
previous,前の
previously,以前に
precede,~より先行する
precedent,前例
unprecedented,前例のない
posterior,後の
prior,前の
priority,"優先,優先事項"
advance,"前進する,進歩する/進歩"
simultaneous,"同時の,同時に起こる"
coincide,"同時の起こる,一致する"
coincidence,偶然の一致
prolong,延長する
postpone,延期する
delay,~を遅らせる/遅延
punctual,時間に正確な
current,今の;流通している/流れ
out of date,時代遅れの
up to date,最新の
ancient,"古代の,大昔の"
ancestor,先祖
primitive,"原始的な,未開の,野蛮な"
invest,を投資する
income tax,所得税
well off,裕福な
property,財産・特性
capital punishment,死刑
withdrawal,引き出すこと・退くこと
withdraw,を引き出す・退く
afford,余裕がある
profitable,有益な
fee,謝礼
thrifty,質素な・倹約をする
fare,運賃
fortune,財産・運
avail oneself of A,Aを利用する
owe,借りている
stingy,けちな
purchase,を購入する
at the expense of,を犠牲にして
finance,財政
available,入手できる・利用できる
investment,投資
benefit,利益
save money,貯金する
economical,経済的な
benefit from A,Aから利益を得る
wealthy,裕福な
disinterested,公平な
depression,不況・鬱
outgo,支出
revenue,歳入
owe B to A,AにBを借りている
outcome,結果
fortunately,幸運にも
the cost of living,生活費
charge,非難・料金・責任
financial,財政の
fortunate,幸運な
expense,出費
bankruptcy,倒産
debt,借金
capital,資本・首都・大文字
deposit,貯金・埋蔵物
income,収入
budget deficit,財政赤字
economic,経済の
save,を貯める・省く・救う
capitalism,資本主義
beneficial,有益な
be in debt,借金をしている
unfortunate,不運な
per capita,一人当たりの
recede,後退する
go bankrupt,倒産する
owe A B,AにBを借りている
real estate,不動産
currency,通貨・普及
interest,興味・利益
stock,在庫・株
avail,役立つ・効果
asset,財産　
unfortunately,不運にも
recession,不況
without avail,無駄な
depressed,鬱の
budget,予算
bankrupt,倒産した
extravagant,金遣いの荒い・過度の
economics,経済学
wealth,富
estate,財産　
cost,費用
spare,をとっておく・なしで済ませる・予備の
poverty,貧困
economy,経済
profit,利益
area,地域
region,地域
regional,地域の
district,地区
quarter,４分の１・地域
local,地元の・地元の人
global,地球全体の
globe,地球　
globalization,グローバル化
urban,都市の
rural,田舎の
suburb,郊外
border,境界・国境
pioneer,先駆者
explore,を探索する
exploration,探索
include,を含む
inclusion,包含
contain,を含む
content,中身・満足して
contentment,満足
exclude A from B,BからAを除外する
exclusive,排他的な・独占的な
exclusively,もっぱら
isolate,を隔離する
isolation,隔離
enclose,を囲む・同封する
disclose,を開示する・暴く
disclosure,暴露
surround,を取り囲む
surrounding,環境
install,を設置する
installation,設置
introduction,紹介・導入
locate,を突き止める・置く
location,位置
spot,場所・を見つける
search,の中を探す・探究
approach A,Aに接近する
remote,遠方の・へんぴな
apart,離れて
apart from,はさておき・から離れて
aside,脇に
aside from,はさておき　
replacement,置き換え
site,用地
realm,領域
domain,領域
range,範囲
scope,範囲・機会
category,範疇
margin,余白
marginal,余白の・重要でない
on the spot,その場で・直ちに
marginalize,を軽視する
in the suburbs,郊外に
be content with A,Aに満足する
to one's heart's content,心ゆくまで
introduce A to B,AをBに紹介する
introduce A into B,AをBに導入する
search A for B,Aの中でBを探す
put A aside,Aをわきに置く
replace A,にとって代わる
replace A with B,AをBと取り換える
out of range,射程範囲外の
emerge,現れる
emergence,出現
emergency,緊急事態
arise,生じる
stem,生じる・茎
branch,枝・支店
derive,由来する・を引き出す
derivation,由来
generate,を生み出す
generation,世代・発生
flourish,繁栄する
bloom,咲く
blossom,花
prosper,繁栄する
prosperous,繁栄した
prosperity,繁栄
thrive,繁栄する
prevail,普及する・圧倒する
prevalent,普及している
glory,栄光
glorious,栄光ある
victory,勝利
victorious,勝利した
triumph,勝利する
triumphant,勝ち誇った
fame,名声
prestige,名声
prestigious,一流の
fade,衰退する
decline,衰退する・断る
corrupt,腐敗した・を堕落させる
corruption,腐敗
decay,腐敗する・腐敗
rot,腐敗する
rotten,腐った
bribe,賄賂
perish,死ぬ
vanish,消滅する
ruin,台無しにする・廃墟
collapse,崩壊する
extinguish,を消す・を絶滅させる
extinct,絶滅した
extinction,絶滅
catastrophe,大惨事
survive A,A を生き残る・より長生きする
survival,生存
derive from A,Aに由来する
be derived from A,Aに由来する
derive A from B,AからBを引き出す
be in full bloom,満開である
cherry blossoms,桜の花
regard,をみなす・尊重する・点
regard A as C,AをCとみなす
in this regard,この点で
with regard to,に関して
regarding,に関する
without regard to,におかまいなく
regardless of,に関係なく
disregard,を無視する
account,説明・口座・重要性
account for A,Aを説明する・Aを占める
a bank account,銀行口座
on account of,という理由で
take ～ into account,を考慮に入れる
accountable,説明できる・責任がある
concern,関係・心配
express concern about A,Aについて懸念を表明する
be concerned with A,Aと関係している
be concerned about A,Aを心配している
as far as A is concerned,Aに関する限りは
people concerned,関係者
concerning,に関する
anxious,心配している・切望している
be anxious about A,Aを心配している
be anxious for A,Aを切望している
anxiety,心配・切望
attend,に出席する・注意して聞く・看護する
attend A,Aに出席する
attend to A,Aに注意する
attention,注意
attentive,注意している
attendance,出席・世話
attendant,世話人・付随する
apply,を応用する・に応募する
apply A to B,AをBに応用する
apply for A,Aに応募する
apply to A,Aにあてはまる・Aに申し込む
application,応用・応募
applicant,応募者
reflect,反映する・熟考する
reflection,反映・熟考
wait,待つ・仕える
wait for A,Aを待つ
cannot wait to do,～するのが待ちきれない
wait on A,Aに仕える
due,しかるべき・期限の
due to,が原因で
duly,正当に
odd,奇妙な・半端な・奇数の
odds,見込み
The odds are that …,たぶん…だろう
at odds with,と不和で
against all odds,予想を裏切って
issue,問題・号・発行する
at issue,争点となっている
term,用語・期間・関係・折り合い
in terms of,の観点から
on good terms with,と仲がいい
come to terms with,を諦めて受け入れる
figure,姿・人物・数字・考える
figure out,を理解する・計算する
cut a ～ figure,という印象を与える
state,州・国家・状態・を述べる
stetement,発言
statesman,政治家
bear,を生む・に耐える
bear responsibility,責任を負う
bear no relation to A,Aと関係がない
bear witness,証言する
unbearable,耐えられない
bear ～ in mind,を心に留める
case,場合・事件・事実・症例
mean,を意味する・しようとする・卑劣な
mean A by B,BによってAを意味・意図する
mean to do,～しようとする
meaning,意味
means,手段・財産
by means of A,Aによって
by no means,決して～でない
by all means,何としても
a means to an end,目的のための手段
beyond one's means,資力以上の
represent,を代表する・を象徴する・を表す
representation,代表・象徴・表現
representative,代表者
assume,を思い込む・引き受ける
assumption,思い込み・引き受けること
posess,を所有する・に取り憑く
posession,所有
observe,を観察する・守る
observation,観察
observance,順守
company,会社・仲間・一緒にいること
accompany A,Aに伴う・Aと一緒に行く
firm,固い・会社
firmly,固く
confirm,確かにする
confirmation,確認
affirm,を断言する
enter A,A に入る
entry,入場
entrance,入口・入学
receive,を受け取る
reception,受け取ること・受付
receptive,受け入れる
receipt,レシート
accept,を受け入れる
acceptance,受け入れ
refuse,を拒否する
refusal,拒否
reject,を拒絶する
rejection,拒絶
deny,を否定する
denial,否定
appear,現れる・のように見える
appearance,登場・外見
disappear,消える
exist in A,Aに存在する
existance,存在・生活
expect A to do,Aが～するだろうと思う
expectation,予想
expectancy,見込み
except for A,Aを除いて
exception,例外
exceptional,例外的な・特に優れた
improve,を改良する
improvement,改良
solve,を解く
solution,解決策
suppose,思う
be supposed to do,することになっている
supposition,想定
supposedly,推定では
suggest,を提案する
suggestion,提案
propose doing/to do,～しようと提案する
a proposal to do,～しようという提案
proposition,主張・提案
pretend to do,～するふりをする
pretense,見せかけ
belong,属する
belonging,所持品
fail,失敗する・できない・の役に立たない
failure,失敗
without fail,必ず
enable A to do,Aが～するのを可能にする
prefer A to B,BよりAを好む
preference,好み
preferable,好ましい
marry A,A と結婚する
marriage,結婚
regret,を後悔する
regrettable,残念な
regretful,後悔している
satisfy,を満足させる
satisfaction,満足
satisfactory,満足のいく
disappoint,をがっかりさせる
disappointment,失望
bore,を退屈させる
boring,退屈な
boredom,退屈
amaze,をびっくりさせる
amazing,驚くべき
astonish,をびっくりさせる
astonishing,驚くべき
astonishment,驚き
frighten,を怖がらせる
fright,恐怖
scare,を怖がらせる
scary,怖い
cause,原因・を引き起こす
factor,要因
result,結果
lead,を導く・引き起こす
favor,好意・を好む
favorable,好都合な
favorite,お気に入りの
harm,害・を害する
harmful,有害な
harmless,無害な
risk,危険
risky,危険な
board,板・委員会・に搭乗する
aboard,乗って
rise,上がる・上昇
raise,を上げる・育てる
lie,横たわる・存在する
underlie,の根底にある
lay,を横たえる・置く
lay off,を一時解雇する
exhibit,を展示する・展示品
exhibition,展覧会
convenient,便利な・都合のよい
convenience,便利
comfort,快適さ
comfortable,快適な
correct,正しい・を訂正する
correction,訂正
salary,給料
reputation,評判
rumor,うわさ
duty,義務
opportunity,機会
idle,何もしていない・無用の
calm,落ち着いた・を落ち着かせる
curious,好奇心のある・好奇心をそそる
curiosity,好奇心
cluel,残酷な
cruelty,残酷さ
official,公式の・公務員
enter into,を始める・取り結ぶ
answer A,A に答える
visit A,A を訪れる
be disappointed at A,A に失望する
be amazed at A,A にびっくりする
be amazed to do,～をしてびっくりする
frightful,ぞっとするような
frightening,怖がらせるような
pay,を支払う・割に合う
read,を読む・読める
sell,を売る・売れる
lay out,を設計する
net result,最終結果
sale,販売・売上高
refuse to do,～しようとしない
deny AB/B to A,AにBを与えない
life expectancy,平均寿命
make an exception,例外を設ける
fail in A,Aに失敗する
fail to do,～しない・できない
never fail to do,必ず～する
failure to do,～しないこと
get married to A,Aと結婚する
regret doing,～したことを後悔する
regret to do,残念ながら～する
be satisfied with A,Aに満足する
be disappointed at A,Aに失望する
be bored with A,Aに退屈する
be amazed at A,Aにびっくりする
be astonished at A,Aにびっくりする
"be frightened of(by,at) A",Aにおびえる
be scared of A,Aを恐れる
cause A to do,Aが～する原因となる
result in A,Aという結果となる
result from A,Aから結果として生じる
as a result,その結果
with the result that,その結果～ということになる
lead to A,Aを引き起こす
lead A to B,AをBへと導く
lead A to do,Aに～するよう仕向ける
in favor of A,Aに賛成して
do A a favor,Aに何かをしてあげる
do A harm,Aに害を与える
do harm to A,Aに害を与える
run the risk of doing,～する危険を冒す
at risk,危険にさらされて
take a risk,一か八かやってみる
on board,乗って
on the rise,上昇している
give rise to A,Aを引き起こす
raise money,資金を集める
lie in A,Aの中にいる
in comfort,快適に
be comfortable with A,Aに満足する
Rumor has it that…,～という噂である
on duty,勤務中である
an opportunity to do,～する機会
sit idle,何もしないでいる
be curious about A,Aに好奇心を持っている
relate,を関係づける・話す
relation,関係・親戚
relationship,関係　
relative,相対的な・親戚
relatively,比較的に
relativity,相対性
absolute,絶対的な
absolutely,絶対に
relevant,関連がある
relevance,関連　
irrelevant,関連がない
mutual,相互の
associate,を結びつけて考える・連想する
association,関連・連想・協会
conflict,争い・対立する
collision,衝突
collide,衝突する
friction,摩擦
confront,に直面する
confrontation,直面
be confronted with,に直面している
oppose A,に反対する
be opposed to A,に反対している
opposition,反対
opposite,正反対の
opponent,相手
object,物体・目的・反対する
objection,反対
objective,客観的な
contrary,反対の
on the contrary,それどころか
to the contrary,反対の
contrast,対照
in contrast,対照的に
contradict,に反論する・と矛盾する
contradiction,矛盾
contradictory,矛盾した
approve,に賛成する・を認める
approval,賛成
disapprove,賛成しない
consent,同意する・同意
correspond,一致する・対応する
correspondence,一致・文通
correspondent,一致する・特派員
accord,一致する・を与える
according to,によると・に従って
accordingly,それに応じて
of one´s own accord,自発的に
on one´s own accord,自発的に
in accordance with,に合わせて
conform,に順応する
conformity,順応
compatiable,両立可能な
incompatiable,両立できない
compare,を比較する
comparison,比較　
comparable,匹敵する
comparatively,比較的に
confuse,混同する
confusion,混同　
equal,等しい・するだけの能力がある
equality,平等
equivalent,同等の
resemble A,Aに似ている
resemblance,類似
diverse,多様な
diversity,多様性
differ,異なる
different,異なる
difference,違い
vary,異なる
variation,変化・差異
variety,多様性
variety of,様々な
linguistic,言語の
linguistics,言語学
linguist,言語学者
bilingual,２カ国語使用者
literary,文学の
literature,文学　
literal,文字通りの
literally,文字通り　
literate,読み書きができる
literacy,読み書き能力
illiterate,読み書きができない
letter,手紙・文字
dialogue,対話
monologue,独白
logic,論理
logical,論理的な
apology,謝罪
apologize to A for B,AにBを謝る
eloquent,雄弁な
eloquence,雄弁　
biology,生物学
biological,生物学的な
psychology,心理学
psychological,心理学的な
analogy,類推
verb,動詞
verbal,言葉の
adjective,形容詞
proverb,ことわざ
oral,口頭の
utter,を発する・完全な
utterance,発話
utterly,完全に
refer to A,Aに言及する・参照する
reference,言及・参照
consult A,Aに相談する・Aを参照する
look up,を調べる
mention,に言及する・言及
imply,を暗に意味する
implication,意味・影響
implicit,暗黙の
explicit,明白な
infer,を推察する
inference,推察
interpret,を解釈する
interpretation,解釈
describe,を描写する
description,描写
descriptive,描写の
subscribe to A,Aを定期購読する
subscription,定期購読　
prescribe,を処方する
prescription,処方
manuscript,原稿
criticize,を批判する
criticism,批判
critic,批評家
critical,決定的な・批評の
crisis,危機
opinion,意見
remark,意見・を述べる
remarkable,著しい
comment,意見・を述べる
prose,散文
verse,韻文
poetry,詩
poetic,詩的な
document,文書
narrative,物語
narration,語り
quote,を引用する
quotation,引用
rhetoric,修辞学
metaphor,隠喩
research,研究
investigate,を調査する
investigation,調査
survey,を調査する
inquire,尋ねる・調査する
inquiry,質問・調査
theory,理論
theoretical,理論上の
theoretically,理論上は
method,方法
hypothesis,仮説
experiment,実験
experimental,実験的な
detect,を検出する
detective,探偵・刑事
thesis,学位論文
statistics,統計
statistical,統計上の
analyze,を分析する
analysis,分析
laboratory,研究室
conclude,結論を下す
conclusion,結論
prove,を証明する
prrof,
demonstrate,を実証する
illustrate,を例証する
illustration,例証
estimate,を見積もる
underestimate,を過小評価する
expert,専門家
expertise,専門知識
scholar,学者
scholarship,奨学金
scholastic,学術的な
academic,学問の
specialize,専攻する
geography,地理学
geographic,地理的な
geology,地質学
geological,地質学的な
geometry,幾何学
arithmetic,算数
astronomy,天文学
astrology,占星術
botany,植物学
anthropology,人類学
discuss A,Aを議論する
discussion,議論
agree,賛成する・同意する・一致する
agreeable,感じのいい
agreement,賛成・同意・一致
disagree,意見が合わない
disagreement,意見の相違
argue,を主張する
argument,主張・言い争い
maintain,を維持する・を主張する
maintenance,維持・主張
assert,を主張する
assertion,主張
claim,を要求する・主張する
insist,を主張する
insistent,主張する
insistence,主張
exclaim,と叫ぶ
proclaim,を宣言する
declare,を宣言する
declaration,宣言
announce,を告知する
announcement,告知
exaggerate,を誇張する
exaggeration,誇張
boast,自慢する
controversy,論争
controversial,論争中の
dispute,議論・を議論する
debate,討論
conference,会議
negotiate,交渉する
negotiation,交渉
complain to A about B,AにBについて不満を言う
complaint,不満
grumble,不満を言う
quarrel,口論する
reconcile,和解する・を和解させる
convince,AにBを確信させる
conviction,確信・有罪判決
convincing,説得力のある
persuade A to do [into doing],Aを説得して～させる
persuasion,説得
persuasive,説得力のある
dissuade A from doing,Aにしないように説得する
talk ～ into doing,に説得する
advantage,有利な点
take advantage of,を利用する
disadvantage,不利な点
advantageous,好都合な
privilege,特権
entitle,に権利を与える
qualify,に資格を与える
qualification,資格
require,を必要とする
requirement,要求されるもの
request,要求
call for,を必要とする・迎えに行く
desire,願望
desirable,望ましい
demand,を要求する
demanding,要求の多い
call on,を訪問する要求する
agree with A,(意見・人)に賛成する
agree to A,（提案）に同意する
insist on A's doing,Aが～するべきだと主張する
boast of A,Aを自慢する
negotiate with A,Aと交渉する
complain to A about B,AにBについて不満を述べる
reconcile with A,Aと仲直りする
be entitled to A,Aの権利がある
be qualified for A,Aの資格がある
be required to do,～するよう要求される
have a desire for A,Aが欲しいと強く思う
perspective,ものの見方
inspect,を詳しく調べる
inspection,調査
prospect,見通し
prospective,見込みのある
retrospect,追想
suspect,を疑う・容疑者
suspicious,疑わしい
suspicion,疑惑
speculate,推測する
speculation,推測・投機
spectacle,光景・眼鏡
spectacular,目を見張るような
conspicuous,目立つ
proceed,進む・さらに続けて～する
process,過程・を処理する
procession,行進
procedure,手順・手続き
exceed,を超える
concede,を譲歩する
concession,譲歩
succeed,成功する・のあとを継ぐ
success,成功
successful,成功した
succession,継続
successive,連続する
succcesor,後継者
predict,を予測する
prediction,予測
predictable,予測できる
indicate,を指し示す
indication,指示
indicative,指示する・暗示する
dictate,を書き取らせる・命令する
dictation,命令・書き取り
dictator,独裁者
dedicate A to B,AをBに捧げる
dedication,献身
admit,を認める
admission,入学・入場料
commit,を犯す・ゆだねる
commitment,犯行・関与・約束
committee,委員会
commission,委員会・委任
omit,を省く
omission,省略
intermit,を中断する
intermission,休止
dismiss,を解雇する・退ける
dismissal,解雇
transmit A to B,を伝える
transmission,伝達
mission,使命
transfer,を移動する・転勤する
transport,を輸送する・輸送
transportation,輸送・交通手段
transform A into B,AをBに変える
transformation,変形
translate,を翻訳する
translation,翻訳
transplant A to B,AをBに移植する
transparent,透明な
transition,過渡期
transit,乗り継ぎ
distribute A to B,を分配する
distribution,分配
contribute,貢献する
contribution,貢献
attribute,の原因を帰す・特質
attribution,帰因
assure A of B,AにBを保証する
assurance,保証
reassure A of B,Bに関してAを安心させる
reassurance,安心
influence,影響・に影響を及ぼす
influential,影響のある
impact,影響
affect,に影響・効果を及ぼす
effect,効果・影響
effective,効果的な
affection,愛情
affectionate,愛情を持った
affectation,気取り
dominate,を支配する
dominant,支配的な
predominant,支配的な
rule,を支配する・規則
regulate,を規制する
regulation,規制
control,を支配する・抑制
bind,を縛る
be bound to do,決まって～する
authority,権威・権力・当局
authorize,に権限を与える
author,著者
exert,を行使する・働かせる
exertion,行使
exercise,練習・運動・を行使する
obey A,Aに従う
obedient,従順な
resist,に抵抗する
resistance,抵抗
resistant,抵抗する
irresistible,抵抗しがたい
protest,抗議する
rebel against A,Aに対して反逆する
rebellion,反乱
conquer,を征服する
conquest,征服
defeat,を打ち負かす・敗北
beat,を打ち負かす
surrender,降伏する
yield,屈する・を産出する・収穫量
depend on A for B,Bに関してAに頼る
be dependent on A,Aに依存している
dependence,依存
be independent of A,Aから独立している
independence,独立
rely on A,Aを頼る・あてにする
reliable,信頼できる
reliance,依存
count on,をあてにする
trust,を信用する
trustworthy,信頼できる
compete with[against] A,Aと競争する
competition,競争
competitive,競争の
competence,能力
competent,有能な
press,を押す・強く求める・報道
pressure,圧力
pressing,差し迫った
impress A as C,AにCという印象を与える
impression,印象
impressive,印象的な
express,を表現する
expression,表現
expressive,表現豊かな
oppress,を抑圧する
oppression,抑圧
oppressive,重苦しい
suppress,を抑える
threat to A,Aに対する脅威
threaten,を脅かす
menace to A,Aに対する脅威
tame,を飼い慣らす・飼い慣らされた
be superior to A,Aより優れている
superiority,優越
perceive,を知覚する・認識する
perception,知覚・認識
perceptive,知覚の
perceptible,知覚できる
conceive,を考え出す
conceivable,考えられる
concept,概念
conception,概念
deceive,をだます
deception,騙すこと
deceptive,人を騙すような
deceitful,人を騙すような
sense,感覚・判断力・意味
make a sense,意味が分かる
come to one's senses,正気を取り戻す
sensitive,敏感な
sensitivity,感受性
sensible,賢明な
sensibillity,感受性
sensation,感覚・物議
visual,視覚の
vision,像・視力・見通し
visible,目に見える
invisible,目に見えない
revise,を改訂する
revision,改訂
devise,を考案する
device,装置
sight,視覚・光景
stare,見つめる
gaze,見つめる
glance,ちらりと見る
glimpse,をちらりと見る
audible,聞こえる
audience,聴衆
scent,香り
odor,匂い
flavor,味
arouse,を呼び起こす
evoke,を引き起こす
provoke,を引き起こす
stimulate,を刺激する
stimulus,刺激
instinct,本能
instinctive,本能的な
impulse,衝動
impulsive,衝動的な
embarrass,に恥ずかしい思いをさせる
embarrassment,恥ずかしい思い
shame,恥・残念なこと
be ashamed of A,Aを恥じる
shameful,恥ずべき
nerve,神経
nervous,緊張している
emotion,感情
emotional,感情的な
passion,情熱
passionate,情熱的な
compassion,同情
passive,受動的な
temper,機嫌
temperament,気質
delight,喜び
delightful,楽しい
rejoice,喜ぶ
gratify,を喜ばせる
anger,怒り
rage,怒り・猛威を振るう
outraged,激怒した
all the rage,大流行している
fury,怒り
furious,激怒した
indignant,激怒した
indignation,激怒
virtue,美徳・長所
virtual,仮想の・事実上の
virtually,ほとんど
vice,悪・副～
vicious,悪性の
evil,邪悪な
sin,罪
sinful,邪悪な
crime,犯罪
criminal,犯罪者・犯罪の
ethics,倫理
ethical,倫理上の
moral,道徳上の・道徳
immoral,道徳に反する
morality,道徳
confess,告白する・認める
confession,告白
punish,を罰する
punishment,罰
penalty,刑罰
murder,殺人・を殺害する
victim,犠牲者・被害者
offend,を怒らせる
offense,犯罪・侮辱
offensive,不快な
defend,を防御する
defense,防御
defendant,被告
motive,動機
motivate,に動機を与える
motivation,動機付け
witness,目撃者・を目撃する
arrest,を逮捕する
detain,を拘留する
accuse,を非難する
accusation,非難
blame,を非難する・のせいにする
be to blame,責めを負うべき
condemn,を責める・に刑を宣告する
condemnation,非難・有罪判決
court,裁判所
courtesy,礼儀
courteous,礼儀正しい
trial,試行・裁判
justice,正義・裁判
justify,を正当化する
justification,正当化
judge,を判断する・裁判官
judgment,判断
jury,陪審員
testify,証言する
testimony,証言
guilty,有罪の
guilt,有罪
innocent,無罪の・無邪気な
innocence,無罪・無邪気さ
sentence,文・判決・に判決を下す
prison,刑務所
imprison,を投獄する
prisoner,囚人
deter,を抑止する
deterrent,抑止するもの
violence,暴力
violent,暴力的な・激しい
aggressive,攻撃的な
aggression,攻撃
legal,合法の
illegal,違法の
violate,に違反する
violation,違反
condemn A to B,AにBを宣告する
blame A on B,AをBのせいにする
indignant,激怒した
indignation,激怒
unite,を結びつける
unity,結束
uniform,均一の・制服
uniformity,均一性
universe,宇宙
universal,普遍的な
union,組合
reunion,同窓会
sole,唯一の
solely,単に
solitude,孤独
solitary,孤独な
console,を慰める
consolation,慰め
monotonous,単調な
monotony,単調さ
monopoly,独占
combine,を結びつける
combination,組み合わせ
dual,二重の
duplicate,を複製する
numerous,無数の
innumerous,無数の
infinite,無限の
infinity,無限
quantity,量
quality,質
volume,容積・１巻
voluminous,多量の
amount,量・達する
sum,を合計する・要約する・合計
summarize,を要約する
summary,要約
total,合計の・完全な
totally,完全に
vast,莫大な
huge,巨大な
enormous,莫大な
immense,巨大な
abundant,豊富な
abundance,豊富さ
abound,豊富にある
ample,十分な
amplify,を増幅する・詳述する
affluent,裕福な
affluence,富
sufficient,十分な
insufficient,不十分な
adequate,十分な・適切な
adequacy,妥当性
inadequate,不適切な
major,主要な・専攻する
majority,大多数
minor,重要でない
minority,少数
maximum,最大
maximize,を最大にする
minimum,最小
minimize,を最小にする
magnificent,壮大な
majesty,威厳
diminish,を減らす・減る
utmost,最大の
increase,を増やす・増える
increasingly,だんだんと
decrease,を減らす・減る
reduce,を減らす
reduction,削減
accumulate,を蓄積する
accumulation,蓄積
add,を加える
addition,追加
additional,追加の
rational,合理的な・理性的な
rationale,理論的根拠
rationalism,合理主義
irrational,非合理的な
reason,理由・理性・論理的に考える
reasonable,理性的な・手頃な
beast,獣
brute,獣
brutal,野蛮な
notion,概念
abstract,抽象的な
concrete,具体的な
stereotype,固定観念
prejudice,偏見
bias,偏見
view,眺め・意見・をみなす
review,を見直す・復習・批評
viewpoint,観点
standpoint,立場
outlook,見解・見通し
optimistic,楽観的な
optimism,楽観主義
pessimistic,悲観的な
pessimism,悲観主義
aware,気づいている
awareness,意識
alert,警戒している
conscious,意識している
consciousness,意識
unconscious,無意識の
subconscious,潜在意識の
conscience,良心
recognize,を識別する・認める
recognition,認識
cognition,認識
knowledge,知識
acknowledge,を認める
acknowledgement,承認
identify,の身元を特定する・同一視する
identity,アイデンティティ
identical,同一の
intellect,知性
intellectual,知性の
intelligence,知性
intelligent,知性的な
intelligible,理解可能な
wisdom,知恵
bright,明るい・頭のいい
brilliant,輝かしい・頭のいい
smart,利口な
wit,機転
witty,気の利いた
insight,洞察力
philosophy,哲学
philosopher,哲学者
comprehend,を理解する・含む
comprehension,理解・包含
comprehensible,理解可能な
incomprehensible,理解不可能な
comprehensive,包括的な
consider A [ (to be) C],を考慮する・みなす
considerable,かなりの
considerate,思いやりのある
consideration,考慮・思いやり
considering,を考慮すれば
contemplate,を熟考する
contemplation,熟考
meditate,瞑想する
meditation,瞑想
recollect,を思い出す
recollection,思い出
recall,を思い出す
inform,に知らせる
information,情報
infant,幼児
infancy,幼児期
adolescent,思春期の・十代の若者
adolescence,思春期
juvenile,少年少女の
adult,大人
grownup,大人
elderly,年配の
mature,成熟した・成熟する
maturity,成熟
immature,未熟な
premature,時期尚早の
pregnant,妊娠している
pregnancy,妊娠
maternity,母性
maternal,母親の
birthrate,出生率
abortion,妊娠中絶
divorce,離婚
celebrate,を祝う
celebration,祝賀
career,キャリア
background,背景・経歴
status,社会的地位
resign,を辞職する・断念する
resignation,辞職・あきらめ
retire,退職する
retirement,退職
quit,をやめる
farewell,お別れ
pension,年金
funeral,葬式
tomb,墓
bury,を埋める・埋葬する
mortal,死ぬ運命にある
mortality,死ぬ運命・死亡率
immortal,不死の
inherit,を相続する
inheritance,相続・遺産
heritage,遺産
legacy,遺産
offspring,子孫
inevitable,避けられない
inevitably,必然的に
fate,運命
fatal,致命的な・決定的な
individual,個人・個人の
individualism,個人主義
personal,個人的な
in person,直接本人が
personality,個性
impersonal,人間味のない
private,個人的な
privacy,プライバシー
self,自己
selfish,自分勝手な
fellow,人・仲間
male,男性の
female,女性の
masculine,男らしい
feminine,女らしい
gender,ジェンダー
celebrated,著名な
consideration,考慮・思いやり
considering,を考慮すれば
contemplate,を熟考する
contemplation,熟考
meditate,瞑想する
meditation,瞑想
recollect,を思い出す
recollection,思い出
recall,を思い出す
inform,に知らせる
information,情報
society,社会
social,社会の
sociable,社交的な
socialize,親睦を深める
community,共同体
communicate,意思の疎通をする・を伝える
communication,意思の疎通・通信
acquainted,知り合いである
acquaintance,知人・知識
intimate,親密な
intimacy,親密さ
hostile,敵意のある
hostility,敵意・戦争行為
hospitality,もてなし
sympathy,同情
sympathize,に同情する
sympathetic,同情的な
pity,あわれみ・残念なこと
mercy,慈悲
at the mercy of,のなすがままに
envy,をうらやむ
envious,うらやましく思う
jealous,嫉妬した
jealousy,嫉妬
comtempt,軽蔑
contemptuous,軽蔑している
scorn,を軽蔑する
scornful,軽蔑している
despise,軽蔑する
look down on,を見下す
disgust,嫌悪・をむかつかせる
disgusting,不快な
hatred,憎悪
insult,を侮辱する
humiliate,に恥をかかせる
curse,呪い
endure,に耐える
endurance,耐久
durable,耐久性のある
duration,持続・期間
put up with,我慢する
compromise,妥協・妥協する
praise,をほめる
award,賞・に賞を与える
reward,報酬・に報いる
compliment,お世辞・にお世辞を言う
flatter,をおだてる
flattery,お世辞
spoil,を甘やかす・台無しにする
congratulate,お祝いを述べる
congratulation,祝賀
grateful,感謝している
appreciate,を正しく評価する・を感謝する・を鑑賞する
appreciation,評価・感謝・鑑賞
gratitude,感謝
admire,を賞賛する
admiration,賞賛
admirable,賞賛に値する
esteem,を尊敬する・尊敬
adore,を敬愛する
dignity,威厳
dignify,威厳を持たせる
cooperate,協力する
cooperation,協力
cooperative,協力的な
loyal,忠実な
loyalty,忠誠
betray,を裏切る・暴露する
betrayal,裏切り・暴露
make fun of,をからかう
tease,をいじめる
bully,をいじめる・いじめっ子
bother,を悩ます
nuisance,迷惑な行為
value,価値・価値観・を重んじる
valuable,価値のある
invaluable,計り知れない
be worth A(ing),Aの(する)価値がある
be worthy of A(being pp),Aの価値がある
it is worthwhile ing(to do),～する価値のある
deserve A(ing),Aに値する
cherish,を大事にする
treasure,を大事にする
evaluate,を評価する
evaluation,評価
measure,を測定する・基準・手段・程度
assess,を査定する
assessment,査定
standard,水準
norm,規範
normal,普通の
abnormal,異常な
criterion,基準
test,テスト・判断基準
class,クラス
classify,を分類する
classification,分類
sort,種類・を分類する
alter,を変える
alteration,変更
alternate,交互の
alternative,選択肢・代わりの
option,選択肢
adopt,を採用する・を養子にする
adoption,採用・養子縁組
decide,を決定する
decision,決定
decisive,決定的な
determine,を決定する
determined,決意している
determination,決定
resolve,を決意する・を解決する
resolution,決意・解決
event,出来事
incident,出来事
incidental,付随する
accident,事故・偶然
accidentally,偶然に
affair,出来事
occur,起こる
occurrence,出来事
take place,起こる
situation,状況
condition,状況・条件・を条件づける
circumstance,状況・環境
partcipate in,参加する
take part in,参加する
involve,を含む・関与させる・伴う
involvement,関与
entail,を伴う
engage,を従事させる・従事する
engagement,約束・関与
indulge,甘やかす・没頭する
indulgence,道楽
devote A to B,AをBに捧げる
devotion,献身
act,行動する・行動・法令
action,行動
active,活動的な
activity,活動
enact,を制定する
behave,行動する・ふるまう
behavior,行動・ふるまい
conduct,を行う
attitude toward A,Aに対する態度・考え方
act on,に作用する・従って行動する
take measures,手段を講じる
in large measure,かなりの程度まで
politics,政治
political,政治の
principle,原理・信条
conserve,を保存する
conservative,保守的な
conservation,保存
progress,進歩
progressive,進歩的な
redical,根本的な・急進的な
reform,改革
regime,政治体制
democracy,民主主義
democratic,民主主義的な
Democrat,民主党員
republic,共和国
Republican,共和党員
monarchy,君主政治
monarch,君主
aristocracy,貴族社会
aristocratic,貴族の
aristcrat,貴族
bureaucracy,官僚主義
bureaucratic,官僚的な
bureaucrat,官僚
ideology,イデオロギー
communism,共産主義
communist,共産主義者
socialism,社会主義
socialist,社会主義者
anarchism,無政府主義
anarchist,無政府主義者
nationalism,国家主義
nationalist,国家主義者
patriotism,愛国主義
patriotic,愛国的な
patriot,愛国主義者
govern,を統治する・を決定する
government,政府
reign,統治・君臨する
tranny,専制政治
tyrant,暴君・専制君主
administer,を運営する
administration,行政・運営
policy,政策・方針
welfare,福祉・幸福
ministry,省庁
minister,大臣・牧師
diplomat,外交官
diplomatic,外交の
diplomacy,外交
embassy,大使館
ambassador,大使
treaty,条約
legislate,法律を制定する
legislature,議会
legislation,立法
legislative,立法の
congress,議会・会議
Senate,上院
Senator,上院議員
parliament,国会
Diet,国会
federal,連邦の
bill,請求書・紙幣・法案
abolish,を廃止する
abolition,廃止
elect A [as] C,を選出する
election,選挙
vote,投票する
poll,投票・世論調査
run for,に出馬する
mayor,市長
governor,知事
in large measure,かなりの程度まで
industry,産業・勤勉
industrial,産業の
industrious,勤勉な
agriculture,農業
agricultural,農業の
cultivate,を耕す・磨く
cultivated,教養のある
culture,文化・教養・栽培
cultural,文化の
crop,作物
harvest,収穫
soil,土壌
fertile,肥沃な
fertility,肥沃・多産
fertilizer,肥料
barren,不毛な
irrigation,灌漑
grain,穀物
wheat,小麦
weed,雑草
seed,種
sow,をまく
plow,鍬・を耕す
peasant,小作農
feed,に餌・食物を与える
be fed up with,にうんざりする
breed,を繁殖させる・品種
livestock,家畜
cattle,牛
herd,群れ
flock,群れ
ranch,牧場
media,媒体
mass,集団・多数
massive,大量の
broadcast,を放送する
journalism,ジャーナリズム
journalist,新聞記者
article,記事・品物・冠詞
headline,見出し
Internet,インターネット
advertisement,広告
advertise,を宣伝する
publish,を出版する
publication,出版
edit,を編集する
editor,編集者
edition,版
compile,を編集する
manufacture,製造・を製造する
manufacturer,製造会社
produce,を生産する
production,生産
product,製品
productive,生産的な
productivity,生産性
reproduction,複製・生殖
create,を創造する
creation,創造
creative,創造的な
creativity,創造性
creature,生き物
consume,を消費する
consumer,消費者
consumption,消費
trade,貿易・商売・職業
deal,取引・量
deal with,に対処する・を扱う
commerce,通商
commercial,商業的な
merchant,商人
merchandise,商品
commodity,商品
retail,小売りの
medicine,薬・医学
medical,医学の
medication,薬剤
pharmacy,薬局
surgery,外科手術
surgical,外科の
surgeon,外科医
vein,血管・静脈
artery,動脈
physical,身体の・物理的な
physics,物理学
physician,内科医
physicist,物理学者
disease,病気
symptom,兆候
ache,痛む
sore,痛い
dizzy,めまいがする
cough,咳をする
fever,熱
paralyze,を麻痺させる
patient,患者・我慢強い
patience,忍耐
impatient,我慢できない
ambulance,救急車
diagnose,を診断する
diagnosis,診断
cure A of B,AのBを治す
heal,を治す
treat,を扱う・を治療する・におごる
treatment,取り扱い・治療
recover,回復する・を取り戻す
recovery,回復
operate,作動・作用する・手術する・を操作する
operation,操作・働き・手術
remedy,治療法
cancer,癌
tumor,腫瘍
diabetes,糖尿病
virus,ウィルス
germ,ばい菌
infect,に感染させる
infection,感染
epidemic,伝染病・蔓延している
plague,疫病・を絶えず苦しめる
vaccine,ワクチン
immune,免疫のある
immunity,免疫
allergy,アレルギー
allergic,アレルギーの
gene,遺伝子
genetic,遺伝子の
cell,細胞
organism,有機体
organ,臓器
organic,有機性の
biotechnology,バイオテクノロジー
clone,クローン・のクローンを作る
anatomy,解剖学
chemistry,化学
chemical,化学の・化学物質
toxic,有毒な
solid,固体の
liquid,液体の
vapor,蒸気・気体
evaporate,蒸発する・消滅する
hydrogen,水素
oxygen,酸素
atom,原子
atomic,原子の
nuclear,原子力の
molecule,分子
radiation,放射能
radioactive,放射性の
religion,宗教
religious,宗教の
faith,信頼・信仰
faithful,忠実な・信用できる
worship,を崇拝する
doctrine,教義
confidence,信頼・自信
confident,確信している
confidential,極秘の
confide,信頼する・打ち明ける
credit,信用・称賛
incredible,信じられない
creed,信条
Buddhism,仏教
Muslim,イスラム教徒
Christianity,キリスト教
Catholic,カトリック教徒
Protestant,新教徒
priest,司祭
clergy,聖職者
clergyman,聖職者
preach,を説く
pilgrim,巡礼者
divine,神の
divinity,神性
sacred,神聖な
sacrifice,を犠牲にする・犠牲
saint,聖人
holy,神聖な
shrine,神社
temple,寺院
ritual,儀式
ceremony,儀式
swear,を誓う
bless,を祝福する
persecute,を迫害する
persecution,迫害
heretic,異教徒
convert,を転換する
conversion,転換
enchant,を魅了する
witch,魔女
spell,呪文
haunt,に出没する
race,人種・競争
racial,人種の
racism,人種差別主義
discriminate,差別する
discrimination,差別
tribe,部族
tribal,部族の
ethnic,民族的な
nationality,国籍
native,出生地の
tradition,伝統
traditional,伝統的な
custom,慣習
customary,慣習の
accustomed,慣れている
convention,慣習・大会
conventional,伝統的な
hierarchy,階級制
hierarchical,階級の
folk,民族
folklore,民間伝承
myth,神話
mythical,神話の
legend,伝説
legendary,伝説の
tragedy,悲劇
tragic,悲劇の
gospel,福音
radiation,放射能
radioactive,放射性の
environment,環境
environmental,環境の
environmentalism,環境保護主義
species,種
evolve,進化する・を進化させる
evolution,進化
evolutionary,進化の
ecology,生態系
ecological,生態の
nature,自然・性質
natural,自然の・生まれつきの
naturally,当然・生まれつき
by nature,生まれつき
inherent,本来備わっている
artificial,人工の
preserve,保存する
preservation,保存
develop,を発達させる・発症する
development,発達・開発
sustain,を維持する
sustainable,持続可能な
atmosphere,大気・雰囲気
atmospheric,大気の
pollute,を汚染する
pollution,汚染
waste,廃棄・を浪費する
garbage,ゴミ
trash,ゴミ
rubbish,ゴミ
litter,ゴミ
landscape,風景
resource,資源
fossil,化石
fuel,燃料・を煽る
exhaust,を使い果たす・疲れさせる
exhaustion,使い果たすこと
petroleum,石油
global warming,地球温暖化
greenhouse effect,温室効果
carbon dioxide,二酸化炭素
tropical rain forest,熱帯雨林
acid rain,酸性雨
ozone layer,オゾン層
climate,気候
temperature,温度
humid,湿った
humidity,湿度
moist,湿った
moisture,湿度
phenomenon,現象
drought,干ばつ
disaster,災害
disastrous,悲惨な
hemisphere,半球
sphere,球・領域
continent,大陸
continental,大陸の
Arctic,北極地方の
Antarctic,南極地方の
pole,極
polar,極の
polarization,両極化
latitude,緯度
longitude,経度
altitude,高度
equator,赤道
subcontinent,亜大陸
legend,伝説
legendary,伝説の
tragedy,悲劇
tragic,悲劇の
gospel,福音
radiation,放射能
radioactive,放射性の
nod,うなずく
bow,おじぎする
sigh,ため息をつく
rub,をこする
yell,叫ぶ
leap,跳ぶ
fix,を固定する・を修理する
pour,を注ぐ
dip,を浸す
soak,をびしょ濡れにする
cast,を投げる
shed,を流す
spur,に拍車をかける
blur,をぼやけさせる
cite,を引用する
recite,を暗唱する
recital,独奏会
rear,を育てる・後部
bet,を賭ける・きっと～だと思う
sue,を告訴する
dread,を恐れる
dreadful,恐ろしい
vow,を誓う
chill,に寒気を感じさせる
staff,職員
stuff,もの・を詰め込む
crash,衝突する
crush,を潰す
flesh,肉
glow,輝く
load,積む
pray,祈る
prey,獲物
fall prey to A,Aの犠牲になる
flee,逃げる
dose,服用量
role,役割
roll,を巻く・転がる
awe,畏怖・を畏怖させる
awful,恐ろしい・ひどい
awesome,すごい
feat,偉業
deed,行為
clue,手掛かり
path,小道
ray,光線
lump,かたまり
bulk,容積
pile,山
heap,山
mess,乱雑
messy,散らかった
fuss,大騒ぎ
mere,単なる
merely,ただ単に
dull,退屈な・頭の鈍い
ripe,熟した
bare,裸の・最低限の
barely,かろうじて
raw,生の
net,正味の
gross,総計の
dim,薄暗い
deaf,耳が聞こえない
dumb,口がきけない・馬鹿な
sake,ため
for the sake of A,Aのために
for A's sake,Aのために
vain,無駄な
in vain,無駄に
dawn,夜明け・はじまり
dawn on,に分かり始める
tickle,くすぐる
radioactive,放射性の
tend to do,～する傾向がある
tendency,傾向
trend,風潮
be apt to do,～しがちである
aptitude,適性
be liable to do,～しがちである
be prone to do,～しがちである
susceptible,影響を受けやすい
be likely to do,～しそうである
be unlikely to do,しそうにない
probable,～じゅうぶんありえる
probably,たぶん
probability,可能性
improbable,ありそうもない
possibly,ことによると・いったい・絶対に
be about to do,今にも～しようとしている
on the verge of,今にも～しそうである
on the blink of,今にも～しそうである
be eager to do,～することを熱望している
eagerness,熱望
be willing to do,～することをいとわない
willingly,快く
be unwilling to do,～する気が進まない
be reluctant to do,～する気が進まない
reluctance,気が進まないこと
be enthusiastic about A,Aに対して熱意のある
enthusiasm,熱意
keen,熱心な・鋭い
keenly,痛切に
be intent on A,Aに熱中している
earnest,まじめな
aspire to do,～することを熱望する
aspiration,熱望
yearn to do,～することを熱望する
long for,を待ち望む
tempt,誘惑する
temptation,誘惑
fascinate,を魅了する
fascination,魅力
appeal,魅力・人気・訴える
charm,魅力
respond,反応する
response,反応
react,反応する
reaction,反応
interact with A,Aと交流する
interaction,交流
adjust,順応する・適合させる
adjustment,順応
adapt,順応する・適合させる
adaptation,順応
fit,に合う・体調が良い
fitness,順応・健康
suit,に似合う・合う
suitable,適した
match,と合う・匹敵する
go with,と合う
be not about to do,～するつもりが全くない
adaptive,順応できる
be keen on A,Aに熱心である
net,正味の
gross,総計の
dim,薄暗い
deaf,耳が聞こえない
dumb,口がきけない・馬鹿な
sake,ため
for the sake of A,Aのために
for A's sake,Aのために
vain,無駄な
in vain,無駄に
dawn,夜明け・はじまり
dawn on,に分かり始める
tickle,くすぐる
radioactive,放射性の
diet,食事
obese,肥満の
obesity,肥満
weight,重さ
weigh,重さがある
outweigh,〜より重要である
nutrition,栄養
nutrient,栄養素
nutritious,栄養のある
nourish,〜に栄養を与える
nourishment,栄養
nurture,〜を養育する
foster,〜を養育する
feast,ごちそう
appetite,食欲
starve,飢える
starvation,飢餓
hunger,空腹
thirst,喉の渇き
greed,貪欲
greedy,貪欲な
famine,飢饉
ingredient,食材
digest,〜を消化する
digestion,消化
beverage,飲料
inhabit,〜に住んでいる
inhabitant,住民
habitat,生息地
dwell,住む
dwell on,〜にこだわる
residence,住居
residential,住民の
resident,住民
reside,住む
accommodate,〜を宿泊させる
accommodation,宿泊施設
refuge,避難
refugee,避難民
shelter,避難所
clothes,衣服
clothing,衣服
fabric,布地
thread,糸
weave,〜を織る
wear,〜を着ている
disguise,〜を変装させる
naked,裸の
fashion,流行/方法
household,家庭の
domestic,家庭内の/国内の
domesticate,〜を飼いならす
routine,日常の/日課
chore,雑用
commute,通勤
commuter,通勤者
grocery,食料雑貨品
greet,〜に挨拶する
souvenir,お土産
degree,程度
extent,程度
scale,規模
moderate,適度の・穏やかな
temperate,適度の
proper,適切な
properly,適切に
appropriate,適切な
extreme,極端な
extremely,極端に
tremendous,莫大な
excess,過剰な
excessive,過度の
excessively,過度に
extra,余分な
gradual,徐々の
gradually,徐々に
steady,着実な
steadily,着実に
sharply,急速に
steep,急な
marked,顕著な
partly,部分的に
entire,全体の
entirely,全く
fully,全く
thorough,徹底的な
thoroughly,徹底的に
ultimate,究極な
ultimately,最終的に
terminal,終点の
terminate,を終わらせる
eventually,結局は
end up,結局～になる
in the long run,長い目で見れば
for good,永遠に
rate,割合・を評価する
proportion,割合
ratio,割合
fraction,一部分
portion,一部分
fragment,断片
segment,部分
cluster,集まり
partial,部分的な・偏った
impartial,公平な
all in all,概して
on the whole,概して
by and large,概して
at large,全体の・逃走中で
at length,詳細にわたって・ついには
lack,を欠く・欠如
lacking,欠けている
devoid,欠けている
run out of,を切らす
short of,が不足している
shortage,不足
scarce,乏しい・希少な
scarcely,ほとんど～ない
scant,乏しい
vacant,空いている
vacancy,空室
for want of,が不足して
dense,密集した
density,密度
sake,ため
for the sake of A,Aのために
for A's sake,Aのために
vain,無駄な
in vain,無駄に
dawn,夜明け・はじまり
dawn on,に分かり始める
tickle,くすぐる
radioactive,放射性の
convey,を伝える・運搬する
impart,を与える
donate,を寄付する
donation,寄付
endow,に授ける
bestow,を授ける
distract,の気をそらす
distraction,気を散らすもの・気晴らし
evade,を回避する
evasion,回避
divert,をそらす
divertion,方向転換・気分転換・迂回路
expel,を追い出す
repel,を追い払う
disperse,を散らす
circulate,を循環させる・流通させる・広がる
circulation,循環・発行部数
encounter,に出くわす
bump into,にばったり出会う
come across,を偶然見つける
trace,をたどる・痕跡
overwhelm,を圧倒する
overwhelming,圧倒的な
overtake,に追いつく・を襲う
undergo,を経験する
descend,下りる・由来する
descendant,子孫
descent,下降・家系
ascend,上る
ascent,上昇
plunge,落ちる
embrace,を抱く・採用する
embody,を具体的に表現する
render o c,oをcにする
modify,を修正する
modification,修正
restore,を復元する
restoration,復元
relieve,を解放する・安心させる
relief,安堵・救援
retreat,退却する
retrieve,を取り戻す
retrieval,回収
resume,を再開する・履歴書
resumption,再開
dissolve,溶解する・を解散する
erase,を消す
delete,を消去する
wipe out,を絶滅させる
suspend,を一時停止にする・つるす
suspension,中止
choke,を窒息させる
suffocate,を窒息させる
squeeze,を絞る
spill,をこぼす
short of,が不足している
shortage,不足
scarce,乏しい・希少な
scarcely,ほとんど～ない
scant,乏しい
vacant,空いている
vacancy,空室
for want of,が不足して
dense,密集した
density,密度
sake,ため
for the sake of A,Aのために
for A's sake,Aのために
vain,無駄な
in vain,無駄に
dawn,夜明け・はじまり
dawn on,に分かり始める
tickle,くすぐる
radioactive,放射性の
make up,埋め合わせる・仲直りする・をでっちあげる・化粧する
compensate for A,Aの埋め合わせをする
compensation,補償
make out,を理解する
make for,へ向かう・に役立つ
turn out,であることが分かる・を産出する・繰り出す
turn up,現れる
turn down,を断る・の音量を下げる
turn to,に頼る
take in,を取り入れる・理解する・を騙す
take on,を帯びる・引き受ける
take after,に似る
take up,を占める・を取り上げる
take over,を引き継ぐ
take to,が好きになる・習慣になる
put on airs,気取る
put out,を消す
to put it / put,言うと
do,よい・間に合う
make do with,で間に合わせる
give away,をゆずる・明かす
give in to A,Aに屈する
give off,を発する
come up with,を思いつく
come about,起こる
come into being,生じる
come to,意識が戻る・になる
come in handy,役に立つ
Come on.,おいおい
go on to do,さらに続けて～する
go off,爆発する・去る
Go ahead.,どうぞ
bring about,を引き起こす
bring oneself to do,～する気になる
bring A home to B,AをBに分からせる
get at,を言おうとする
get by,なんとかやりくりする
get～across,を伝える
let go of,を手放す
let～in,を中に入れる
let alone,ましてや～ない
pull up,を止める
make it,都合がつく・間に合う
That's it.,もう終わりだ・まさにそれだ
This is it.,これだ
That is that.,それだけのこと
turn in,を提出する
come by,を手に入れる
hold on to,～をしっかりつかむ
make up for,の埋め合わせをする
make up with A,Aと仲直りする
to put it another way,別の言い方をすると
to put it simply,簡単に言うと
How does it come about…?,どうして…?
How come…?,どうして…?
go on to university,大学に進学する
shortage,不足
scarce,乏しい・希少な
scarcely,ほとんど～ない
scant,乏しい
vacant,空いている
vacancy,空室
for want of,が不足して
dense,密集した
density,密度
sake,ため
for the sake of A,Aのために
for A's sake,Aのために
vain,無駄な
in vain,無駄に
dawn,夜明け・はじまり
dawn on,に分かり始める
tickle,くすぐる
radioactive,放射性の
make much of A,Aを重視する
make the most of,を最大限利用する
make the best of,をできる限り利用する
make sure,確実に～する・を確かめる
make ends meet,やりくりする
make believe,のふりをする
make a scene,ひと騒ぎする
think much of,を高く評価する
think better of,を考え直す
think twice,よく考える
on second thought,やっぱり
show off,を見せびらかす
show up,現れる
in the way of A,Aの邪魔になって
make one's way,前進する
find one's way,たどり着く
go out of one's way to do,わざわざ～する
by way of,を経由する
have a way of doing,～する癖・傾向がある
in a way,ある意味で
under way,進行中で
true for[of],にあてはまる
hold true,あてはまる
true to life,実物そっくりの
give rise to,を引き起こす
give birth to,を産む・引き起こす
put an end to,を終わらせる
take turns,交替する
in turn,それが今度は
in return,お返しに
out of the question,論外である
in question,問題になっている
on end,続けて・まっすぐに
in a row,続けて
so far,今までのところ
go so far as to do,～までする
up to,～まで・～次第で・を企んで
leave behind,を置き忘れる・を置いていく
leave out,を除外する
rule out,を除外する
back and forth,行ったり来たり
upside down,上下逆さまに
inside out,裏返しに
vice versa,逆もまた同様
other way around,あべこべ
this and that,あれこれと
be true to,～に忠実である
make nothing of A,Aを軽視する
What do you make of A,Aをどう思うか？
think nothing of A,Aを何とも思わない
So far so good.,これまでのところは順調だ
live up to A,Aを信条として生きる
to put it simply,簡単に言うと
How does it come about…?,どうして…?
How come…?,どうして…?
go on to university,大学に進学する
shortage,不足
scarce,乏しい・希少な
scarcely,ほとんど～ない
scant,乏しい
vacant,空いている
vacancy,空室
for want of,が不足して
dense,密集した
density,密度
sake,ため
for the sake of A,Aのために
for A's sake,Aのために
vain,無駄な
in vain,無駄に
dawn,夜明け・はじまり
dawn on,に分かり始める
tickle,くすぐる
radioactive,放射性の
for the good of,～のために
as good as,～も同然
get the better of,～に勝る
as good as one's word,約束を守る
know better than to do,～するほど馬鹿ではない
to the best of my knowledge,私の知る限りでは
to say the least,控えめに言っても
take ～ for granted,～を当然とみなす
take one's word for it,～の言うことを信じる
take it easy,気楽にやる
keep up with,～に遅れずに付いていく
catch up with,～に追いつく
fall behind,遅れる
keep in touch with,～と連絡を取り合う
get in touch with,～と連絡を取る
look into,～を調べる
look over,～にざっと目を通す
look on A as C,AがCであるとみなす
pass on [down] A to B,AをBに伝える
pass on [down] A to B,AをBに手渡す
pass for [as],～として通る
pass out,気絶する
pass away,亡くなる
reach out for,～に手を伸ばす
reach A,Aに到着する
set out [off],出発する・を引き起こす
set ～ free,を解放する
work out,を解く・うまくいく
work on,に取り組む・働き続ける
pick up,を拾う・を車に乗せる・を買う・を身につける
part with,を手放す
live on,に頼って生きる・主食とする
fall back on,に頼る
rest on,に頼る・基づく
cut down on,を減らす
section,部分・節
point,要点
to the point,的を射ている
make a point of,必ず～することにしている・を重視する
keep an eye on,を見張る
have an eye for,を見る目がある
turn a deaf ear to,を聞こうとしない
make a face,顔をしかめる
remain to do,まだ～していない
have [be] yet to do,まだ～していない
on behalf of,を代表して
second to none,誰にも負けない
once and for all,きっぱりと
at stake,危険にさらされて・問題となって
Beats me.,分からない
Serves you right.,当然の報いだ
Give me a break.,よしてくれよ
call it a day,今日はもう終わり
set about,を始める
set in,始まる
catch on (to),流行する・(～を)理解する
remain to be seen,まだ分からない
scarce,乏しい・希少な
scarcely,ほとんど～ない
scant,乏しい
vacant,空いている
vacancy,空室
for want of,が不足して
dense,密集した
density,密度
sake,ため
for the sake of A,Aのために
for A's sake,Aのために
vain,無駄な
in vain,無駄に
dawn,夜明け・はじまり
dawn on,に分かり始める
tickle,くすぐる
radioactive,放射性の
mental,頭の・心の
mentality,精神構造
spirit,精神・気分・霊魂
spiritual,精神の・霊魂の
soul,魂・人
material,素材・物質的な
materialism,物質主義
sane,正気の
sanity,正気
insane,精神異常の
abuse,を乱用する・虐待する
addict,を中毒にさせる・麻薬中毒者
mental ability,知力
mental disease,心の病
raw material,原材料
teaching material,教材
go insane,頭がおかしくなる
drug abuse,麻薬の乱用
child abuse,児童虐待
be addicted to A,Aの中毒である
addictive,中毒性の
addiction,中毒
injure,に怪我をさせる
injury,怪我
wound,を負傷させる
the wound,負傷者
bleed,出血する
scratch,引っかき傷・を引っかく
from scratch,ゼロから
bruise,あざ・に打撲を負わせる
suffer,苦しむ・経験する
suffer from A,Aで苦しむ
suffer A,Aを経験する
torture,を拷問する
torment,を苦しめる
vigor,活力
vigorous,活力のある
feeble,弱々しい
fatigue,疲労
weary,疲れている・飽き飽きしている
be weary of A,Aに疲れている
tedious,退屈な
dreary,退屈な・わびしい
thumb,親指
palm,手のひら
wrist,手首
fist,握りこぶし
elbow,ひじ
muscle,筋肉
thigh,太もも
knee,膝
on one's hands and knees,四つん這いになって
kneel,ひざまずく
heel,かかと
ankle,足首
toe,つま先
to one's feet,立った状態で
chest,胸・タンス
limb,手足
forehead,ひたい
eyebrow,眉毛
eyelid,まぶた
eyelash,まつげ
beard,あごひげ
jaw,あご
chin,あご
cheek,頬
tremble,震える
shiver,震える
quiver,震える
shudder,身震いする
one's big toe,足の親指
get to one's feet,立ち上がる
wander,さまよう
genuine,本物の・心からの
authentic,本物の
fake,偽物の
cordial,心からの
sheer,全くの
elaborate,精巧な・複雑な
intricate,複雑な
exquisite,精緻な
sophisticated,洗練された
false,間違った・偽の
proficient,熟達した
proficiency,熟達
negative,否定的な・消極的な
affirmative,肯定的な・積極的な
positive,積極的な・確信している
vertical,垂直の
horizontal,水平の
parallel,平行の・匹敵するもの
indifferent,無関心な
in the affirmative,イエスで
be indifferent to A,Aに対して無関心である
indifference,無関心
infamous,悪名高い
notorious,悪名高い
uneasy,不安な
awkward,気まずい・ぎこちない
clumsy,不器用な
restless,落ち着きがない
relentless,情け容赦ない
ruthless,情け容赦ない
reckless,向こう見ずな
stupid,ばかな
silly,ばかな
absurd,ばかげた
ridiculous,ばかばかしい
ridicule,をあざ笑う・嘲笑
ludicrous,滑稽な
fragile,壊れやすい
vulnerable,傷つきやすい
delicate,繊細な・病弱な
stiff,堅い・堅苦しい
rigid,堅い・厳格な
flexible,柔軟な
be vulnerable to A,Aに対して弱い
flexibility,柔軟性
arrogant,傲慢な
arrogance,傲慢
conceited,うぬぼれた
conceit,うぬぼれ
humble,謙虚な・質素な
stubborn,頑固な
obstinate,頑固な
fierce,激しい
harsh,厳しい
stern,厳格な
brave,勇敢な
bravery,勇敢さ
bold,大胆な
timid,臆病な
intimidate,を怯えさせる
deliberate,意図的な・慎重な
deliberately,意図的に・慎重に
discreet,慎重な
prudent,慎重な
imprudent,軽率な
impudent,図々しい
subtle,微妙な
drastic,劇的な
integral,必要不可欠な・完全な
integrate,を統合する
integrity,完全な状態・誠実さ
decent,まともな
neat,こぎれいな・すばらしい
neat and tidy,きちんと整えられた
initiative,主導権
take the initiative,主導権をとる
initiate,を始める
security,安全性
secure,を確保する
merit,長所
access,交通の便・利用
have access to A,Aを利用・入手できる
accessible,行ける・入手利用可能な
technique,技術
horror,恐怖
horrible,恐ろしい
horrify,を怖がらせる
terror,恐怖
terrible,恐ろしい
terrific,すばらしい
terrify,を怖がらせる
terrorism,テロ
symbol,象徴
symbolic,象徴的な
symbolize,を象徴する
barrier,障壁
gap,差
dilemma,ジレンマ
stretch,を伸ばす・広がる
a barrier to,Aに対する障壁
a gap between A and B,AとBとの隔たり
elite,エリート
series,連続
serial,連続した
cereal,穀物
irregular,不規則な
item,項目
relax,をくつろがせる
mood,気分
tight,きつい
severe,厳しい
puzzle,を戸惑わせる
pause,一時休止
reverse,を逆にする
reversal,逆転
a series of A,一連のA
pose,ポーズをとる・を提起する
pose a problem,問題を提起する
random,無作為の
bitter,苦い
float,浮く・を浮かべる
recipe,調理法・秘訣
luxury,贅沢
luxurious,贅沢な
at random,無作為に
charity,慈善
athlete,運動選手
athletic,運動の
label A as C,AにCというレッテルを貼る
loose,ゆるんだ
come loose,ゆるむ
loosen,をゆるめる
humor,ユーモア・機嫌
a sense of humor,ユーモアのセンス
be in a good humor,機嫌がいい
humorous,ユーモアのある
image,イメージ
amateur,アマチュア
theme,主題
leisure,余暇
alcohol,アルコール
vitamin,ビタミン
liver,肝臓
chaos,混沌
connect A with B,AをBと繋げる
connection,繋がり
appoint,を指名する
appointment,約束
educate,を教育する
education,教育
educational,教育の
discipline,しつけ・規律・学問分野
instruct A to do,Aに～するように指示する
instruction,指示・教育
instructive,教育的な
enlighten,を啓蒙・啓発する・教える
enlightenment,啓蒙・啓発
illuminate,を照らす・明らかにする
illumination,照明・解明
inspire,を奮起させる
inspiration,ひらめき
an educated person,教養のある人
inspire A to do,Aに～するように奮起させる
incentive,動機付け
enroll,を登録する・入学する
be enrolled in,Aに登録・在籍している
enrollment,登録・入学
register,を登録する・記録する
registration,登録
sign up for A,Aに登録する
tuition,授業料
tutor,家庭教師
faculty,学部・能力
facility,施設・容易さ
facilitate,を容易にする
sophomore,２年生
semester,学期
curriculum,教育課程
diploma,学位
grade,学年・成績
degrade,を低下させる
mark,成績・印
rank,階級・位置する
profession,職業
professional,プロの
vocation,天職
candidate,候補者
colleague,同僚
technology,科学技術
technological,科学技術の
innovation,革新
innovative,革新的な
innovate,を革新する
novel,小説・新奇な
novelty,目新しいもの
breakthrough,大躍進
exploit,を開発・利用する・搾取する
exploitation,開発・利用・搾取
tool,道具
implement,道具・実行する
instrument,楽器・器具
machinery,機械類
appliance,電気製品
apparatus,装置
gadget,機械装置
function,機能・機能する
electric,電気の
electricity,電気
electronics,電子工学
vehicle,乗り物
automobile,自動車
wheel,車輪・ハンドル
pedestrian,歩行者
pave,を舗装する
pavement,舗道
manual,手動の・マニュアル
automatic,自動の
automatically,自動的に
at/behind the wheel,運転して
manual labor,肉体労働
an electric appliance,電化製品
instruct A in B,AにBを教える
cover,を覆う・の範囲にわたる・報道する
coverage,報道
fine,すばらしい・細かい・罰金
fine art,芸術
refine,を洗練する
confine,限定する・閉じ込める
confine A to B,AをBに限定する
confine oneself to A,Aに閉じこもる
leave,を出発する・残す・休暇
on leave,休暇中で
take leave,いとまごいする
leave for A,Aに向けて出発する
leave A to B,AをBに任せる
strike,を打つ・に印象を与える・ストライキ
strike A as C,AにCという印象を与える
go on strike,ストライキを起こす
run,走る・経営する
meet,に会う・を満たす
coin,コイン・を作り出す
room,部屋・空間・余地
story,物語・～階建て
manner,方法・行儀
address,住所・に差し向ける・取り組む・話しかける
address A to B,AをBに差し向ける
address A,Aに取り組む・話しかける
forward,前方へ・を転送する
look forward to A,Aを楽しみに待つ
forward A to B,AをBに転送する
straightforword,単純明快な
chance,機会・可能性・偶然
take a chane,一か八かやってみる
Chances are that,おそらく～だろう
by chance,偶然に
address oneself to A,Aに話しかける
air,空気・外見・態度
put on airs,気取る
lot,大量のもの・区画・宿命
a lot of A,たくさんのA
a parking lot,駐車場
change,を変える・変化・小銭
for a change,たまには
second,２番目の・秒
a second-hand car,中古車
a second helping,おかわり
cross,を横切る・機嫌の悪い
be cross with A,Aに対して怒っている
will,意志・遺言
at one's will,意のままに・自由に
sound,音・のように聞こえる・健全な・ぐっすりと
fast,速い・固定した・しっかりと・断食する
fasten,を固定する
life,人生・生活・生命・人命
art,芸術・技術・人文学
service,設備・勤務・兵役
serve A B,AをBに出す
serve B to A,AをBに出す
serve to do,～するのに役立つ
serve as C,Cとして役立つ
order,命令・注文・順序・秩序
put A in order,Aを整理する
be out of order,故障中である
order A from B,AをBに注文する
disorder,無秩序・疾患
practice,練習・実践・慣習
put A into practice,Aを実行する
liberal arts education,一般教養
minute,微細な
excuse,言い訳
command,命令・自由に使う能力・を見晴らす
charge,非難・料金・責任
charge A with B,AをBで告発する
free of charge,無料で
in charge of A,Aを担当して
hold on,電話を切らずにいる・持ちこたえる
history,歴史・経歴
historical,歴史上の
historic,由緒ある
prehistoric,有史以前の
dinosaur,恐竜
ape,類人猿
primate,霊長類
mammal,哺乳類
upright,直立した・直立して
archaeology,考古学
civilization,文明
civilize,を文明化する・洗練する
stripe,しま・筋
rubber,ゴム
civil,市民の
civilian,民間の・一般市民
medieval,中世の
feudal,封建制の
feudalism,封建制度
Renaissance,ルネサンス
revolution,革命
revolutionate,革命を起こす
a civil war,内戦
the Civil War,南北戦争
revolutionary,革命的な
revolve,回転する
empire,帝国
emperor,皇帝
the British Empire,大英帝国
imperial,帝国の
imperialism,帝国主義
colony,植民地
colonize,を植民地化する
slave,奴隷
slavery,奴隷状態
modern,現代の
modernity,現代
modernization,現代化
metropolis,大都市
metropolitan,大都市の
bustle,喧噪
skyscraper,超高層ビル
military,軍事の
army,陸軍・軍隊
arms,武器
armed,武装している
disarmament,軍縮
navy,海軍
navigation,航海
soldier,兵士
troop,軍隊
hostage,捕虜
weapon,武器
sword,剣
the U.S. Army,アメリカ陸軍
nuclear arms,核兵器
the armed forces,軍隊
strategy,戦略
strategic,戦略上の
tactics,戦術
neutral,中立の
ally,同盟国
rally,集会
assault,を攻撃する・暴行する
raid,急襲
assassination,暗殺
the Allies,連合国
excuse,言い訳
command,命令・自由に使う能力・を見晴らす
charge,非難・料金・責任
charge A with B,AをBで告発する
free of charge,無料で
in charge of A,Aを担当して
hold on,電話を切らずにいる・持ちこたえる
thus,それ故に・このように
hence,それ故に・後に
nevertheless,それにもかかわらず
nonetheless,それにもかかわらず
notwithstanding,それにもかかわらず
all the same,それでもやはり
despite,～にもかかわらず
besides,～に加えて
moreover,さらに
furthermore,さらに
whereas,その一方で
on the other hand,他方では
meanwhile,その間に
in the meantime,その間に
that is (to say),すなわち
namely,すなわち
in short,つまり
say,例えば
for instance,例えば
instance,事例
indeed,たしかに
somewhat,いくぶん
somehow,どういうわけか・なんらかの方法で
otherwise,さもなければ・その他の点で・違ったふうに
given,があれば・を考慮すると・任意の
rightly,正当に
justly,正当に
mistakenly,間違って
reportedly,報じられるところでは
presumably,おそらく
presume,を想定する
seemingly,見たところでは
as a matter of fact,実は
for that matter,さらに言えば
thereby,それによって
whatsoever,全く
beeath,～の下に
modernization,現代化
metropolis,大都市
metropolitan,大都市の
bustle,喧噪
skyscraper,超高層ビル
military,軍事の
army,陸軍・軍隊
arms,武器
armed,武装している
disarmament,軍縮
navy,海軍
navigation,航海
soldier,兵士
troop,軍隊
hostage,捕虜
weapon,武器
sword,剣
the U.S. Army,アメリカ陸軍
nuclear arms,核兵器
the armed forces,軍隊
strategy,戦略
strategic,戦略上の
tactics,戦術
neutral,中立の
ally,同盟国
rally,集会
assault,を攻撃する・暴行する
raid,急襲
assassination,暗殺
the Allies,連合国
excuse,言い訳
command,命令・自由に使う能力・を見晴らす
charge,非難・料金・責任
charge A with B,AをBで告発する
free of charge,無料で
in charge of A,Aを担当して
hold on,電話を切らずにいる・持ちこたえる
premise,前提
discourse,講演
transcend,を超える
ascribe A to B,Aの原因をBに帰する
intrinsic,本来備わっている
articulate,発音する・をつなぐ
formula,公式
formulate,を公式化する
contend　that,～と主張する
contend with A,Aと争う・に対処する
advocate,を提唱する・提唱者
delegation,使節
sanction,制裁・認可
pledge,誓約する
agenda,協議事項
amend,を改正する
intuition,直感
intuitive,直感による
discern,を見分ける
skeptical,懐疑的な
skeptic,懐疑的な人
impose sanctions on A,Aに制裁を加える
by intuition,直感で
benevolent,好意的な
benevolence,好意
benign,良性の・優しい
malicious,悪意のある
malice,悪意
hypocrisy,偽善
hypocrite,偽善者
undermine,を阻害する・弱体化させる
deteriorate,悪化する
deterioration,悪化
exalt,を高める
trigger,を引き起こす
induce A to do,Aを～する気にさせる
induce,を誘発する・をする気にさせる
deduce,を導き出す・推測する
deductive,演繹的な
allure A to do,～するようにAを誘惑する
intrigue,の興味をそそる・陰謀
momentum,勢い
velocity,速度
chronic,慢性的な
lapse,経過・誤り
gravity,重力
gravitation,引力
grave,重大な・墓
from cradle to grave,ゆりかごから墓場まで
orbit,軌道・の軌道を回る
axis,軸
fluid,流動性の
erode,腐食する・侵食する
erosion,腐食・侵食
erupt,噴火する
eruption,噴火
the armed forces,軍隊
strategy,戦略
strategic,戦略上の
tactics,戦術
neutral,中立の
ally,同盟国
rally,集会
assault,を攻撃する・暴行する
raid,急襲
assassination,暗殺
the Allies,連合国
excuse,言い訳
command,命令・自由に使う能力・を見晴らす
charge,非難・料金・責任
charge A with B,AをBで告発する
free of charge,無料で
in charge of A,Aを担当して
hold on,電話を切らずにいる・持ちこたえる
assimilate,を吸収する
assimilate into A,Aに同化する
adhere to A,Aにくっつく・固守する
adherence,固守
commence,を始める
commencement,始め
banish,を追放する
exile,亡命・を追放する
be in exile,亡命している
probe,探査・を厳密に調べる
scrutinize,を綿密に調べる
scrutinity,綿密な調査
verify,を証明する
census,国勢調査
sculpture,彫刻
censorship,検閲
index,指標・見出し
one's index finger,人差し指
a price index,物価指標
defy,に反抗する
defiance,反抗
comply with A,Aに従う
compliance,遵守
synthesize,を総合する・合成する
synthesis,総合・合成
photosynthesis,光合成
synthetic,総合的な・合成された
coordinate,を同調して動かす
coodination,同調
subordinate,従属している・従属するもの・従属させる
incorporete A into B,AをBに組み込む
corporation,会社
corporate,企業の
comprise,を構成する・～からなる
manipulate,を巧みに操作する
manipulation,操作
tangible,触れることができる・具体的な
designation,指定
designate,を指定する
depict,を描く
ingenious,創意工夫にとんだ
ingenuity,創意工夫
ingenuous,無邪気な
dismay,を動揺させる・動揺
to one's dismay,がっかりしたことには
appall,をぎょっとさせる
stun,をびっくりさせる
marvel at A,Aに驚く
marvelous,すばらしい
perplex,を当惑させる
bewilder,を当惑させる
bewilderment,当惑
astound,をびっくりさせる
startle,をびっくりさせる
anticipate,を予期する
anticipation,良き
apprehension,懸念
apprehensive,懸念している
deplore,を嘆く
deplorable,嘆かわしい
agony,苦悩
inflict A on B,BにAを与える
afflict,を苦しめる
calamity,災難
uneven,不均衡な
overflow,氾濫する
the Allies,連合国
excuse,言い訳
command,命令・自由に使う能力・を見晴らす
charge,非難・料金・責任
charge A with B,AをBで告発する
free of charge,無料で
in charge of A,Aを担当して
hold on,電話を切らずにいる・持ちこたえる
ambivalent,相反する
ambivalence,相反
arbitrary,任意の・独断的な
unanimous,満場一致の
consensus,意見の一致
ponder,をじっくり考える
reckon,と考える
contrive,を考案する
soar,急上昇する
roar,吠える
peer,仲間
reap,を収穫する
curb,を抑制する
carve,を彫る
cue,合図・手掛かり
queue,行列
slap,をぴしゃりとたたく
clap,をたたく
hatch,孵化する
drain,の排水をする
sewage,下水
sew,を縫う
knit,を編む
sober,しらふの・をまじめにする
sobering,まじめにする
kin,血縁
kinship,血縁関係・親近感
be akin to A,Aと同種の
merge,合併する
merger,企業合併
merger and acquisition,企業合併
riot,暴動
galaxy,銀河
cosmos,宇宙
cosmic,宇宙の
celestial,天体の
comet,彗星
particle,粒子
psychiatric,精神医学の
contaminate,を汚染する
contamination,汚染
spesimen,標本
celestial bodies,天体
be contaminated with,～に汚染されている
indigenous,原住民の
province,州
provincial,地方の
peril,危険
perilous,危険な
hazard,危険
hazardous,危険な
plausible,もっともらしい
implausible,ありえそうもない
preliminary,予備の
anonymous,匿名の・作者不詳の
obsolete,すたれた
innate,生まれつき備わっている・固有の
indigenous people,先住民
be in peril,危険な状態にある
deplorable,嘆かわしい
agony,苦悩
inflict A on B,BにAを与える
afflict,を苦しめる
calamity,災難
uneven,不均衡な
overflow,氾濫する
the Allies,連合国
excuse,言い訳
command,命令・自由に使う能力・を見晴らす
charge,非難・料金・責任
charge A with B,AをBで告発する
free of charge,無料で
in charge of A,Aを担当して
hold on,電話を切らずにいる・持ちこたえる
subsequent,その後の
subsequently,その後
alleviate,を軽減する
mandatory,強制的な
imperative,必須の
advent,到来
heredity,遺伝
coherent,首尾一貫した
coherence,一貫性
cohesion,結束
incoherent,首尾一貫しない
legitimate,正当な
certificate,証明書
autonomy,自治・自主性
withstand,に耐える
supplent,を補う
dispose,する気にさせる・を配置する
disposition,気質・配置
be disposed to do,～したい気分である
array,を配置する・配列
humane,思いやりのある
personnel,人事部
maxim,格言・行動原理
questionaire,アンケート
manifest,を明らかに示す・明白な
manifestation,明らかにすること
connotation,言外の意味
dogma,教義・独断
prophet,預言者
symmetry,左右対称
symmetrical,左右対称の
rectangular,長方形の
diameter,直径
soothe,をなだめる
wither,しおれる
surge,急増する
proliferate,急増する
fetch,を取ってくる
be immerse in A,Aに没頭している
hamper,を妨げる
token,しるし
zeal,熱意
zealous,熱心な
toll,被害・通行料
take a toll,被害をもたらす
as(in) a token of A,Aのしるしとして
doom,運命・を運命づける
be doomed to do(to A),～する(Aになる)運命にある
flaw,欠陥
cater for(to) A,Aに応じる
edible,食べられる
deliquent,非行の
deliquency,非行
grand,壮大な・偉大な
gigantic,巨大な
static,静止した
antique,骨董の
antiquity,大昔
transact,を処理する
transaction,処理・取引
ornament,装飾
adorn,を飾る
warrant,を保証する・正当化する
warranty,保証・正当な理由
symphony,交響曲
mischief,いたずら
get into mischief,いたずらをする
up to mischief,いたずらを企んでいる
mischievous,いたずら好きの
charge,非難・料金・責任
charge A with B,AをBで告発する
free of charge,無料で
in charge of A,Aを担当して
hold on,電話を切らずにいる・持ちこたえる